scryfallId,archetype,games_played
0020c31b-002a-4121-bc61-2c2c16e9afc8,Aggro-Combo,20
0027e5ca-8046-40a0-bd73-79be55f28bff,Aggro-Control (Tempo),20
0027e5ca-8046-40a0-bd73-79be55f28bff,Combo,67
0027e5ca-8046-40a0-bd73-79be55f28bff,Combo-Control,19
0027e5ca-8046-40a0-bd73-79be55f28bff,Control,36
0055ea30-20fb-4324-a632-8fed87628f05,Aggro,25
0055ea30-20fb-4324-a632-8fed87628f05,Aggro-Combo,35
0055ea30-20fb-4324-a632-8fed87628f05,Control,20
0055ea30-20fb-4324-a632-8fed87628f05,Control-Aggro (Midrange),48
005dae9a-dddc-4a11-95bb-cce319edcce4,Aggro,28
005dae9a-dddc-4a11-95bb-cce319edcce4,Aggro-Combo,17
005dae9a-dddc-4a11-95bb-cce319edcce4,Combo-Control,20
005dae9a-dddc-4a11-95bb-cce319edcce4,Control,27
005dae9a-dddc-4a11-95bb-cce319edcce4,Control-Aggro (Midrange),29
006d2bf1-20f7-4b09-8d98-8233d91682bd,Aggro,73
006d2bf1-20f7-4b09-8d98-8233d91682bd,Aggro-Control (Tempo),19
006d2bf1-20f7-4b09-8d98-8233d91682bd,Control,40
00cb17a0-5a13-4d02-b7fb-f99531bc8ca5,Combo,51
00cb17a0-5a13-4d02-b7fb-f99531bc8ca5,Combo-Control,29
00f9955f-a522-47bf-b064-92dd21a76b18,Control,21
01006833-6007-4c16-9ebb-20d31c60a57a,Aggro,35
01006833-6007-4c16-9ebb-20d31c60a57a,Combo,31
01006833-6007-4c16-9ebb-20d31c60a57a,Control-Aggro (Midrange),29
01794178-cf41-454c-ac37-1d8b18e42db2,Aggro,21
01794178-cf41-454c-ac37-1d8b18e42db2,Aggro-Combo,40
01794178-cf41-454c-ac37-1d8b18e42db2,Combo-Control,32
01794178-cf41-454c-ac37-1d8b18e42db2,Control-Aggro (Midrange),36
01978fe5-00a9-4add-ae2a-b4c2572ffb9a,Combo,36
01978fe5-00a9-4add-ae2a-b4c2572ffb9a,Control,18
01c6f877-6b00-4d57-8a88-36cd3b16edbc,Aggro,26
01c6f877-6b00-4d57-8a88-36cd3b16edbc,Aggro-Combo,43
01c6f877-6b00-4d57-8a88-36cd3b16edbc,Control-Aggro (Midrange),68
01d1e394-1b0c-4b40-ba85-f55973703d41,Combo,31
01d1e394-1b0c-4b40-ba85-f55973703d41,Control,54
01e7b0bc-1c6c-48f4-8b72-1a809f536c6c,Aggro,42
01e7b0bc-1c6c-48f4-8b72-1a809f536c6c,Aggro-Combo,35
01e7b0bc-1c6c-48f4-8b72-1a809f536c6c,Control,49
01e7b0bc-1c6c-48f4-8b72-1a809f536c6c,Control-Aggro (Midrange),27
02138fbb-3962-4348-8d31-faaefba0b8b2,Aggro-Control (Tempo),18
02138fbb-3962-4348-8d31-faaefba0b8b2,Combo-Control,20
02138fbb-3962-4348-8d31-faaefba0b8b2,Control,60
026e7167-d665-43d0-a51e-8df2d68cdb5e,Control,20
02902fcc-eefc-4e81-aafd-59fa203a71d7,Combo-Control,21
02c532e8-21f1-4d6f-a931-1ea48a6aeea2,Combo,40
02c532e8-21f1-4d6f-a931-1ea48a6aeea2,Combo-Control,20
02c532e8-21f1-4d6f-a931-1ea48a6aeea2,Control,24
02d6d693-f1f3-4317-bcc0-c21fa8490d38,Combo,112
02d6d693-f1f3-4317-bcc0-c21fa8490d38,Combo-Control,32
02d6d693-f1f3-4317-bcc0-c21fa8490d38,Control,19
0324641d-af55-4c53-b4dc-c8262e967da5,Aggro-Control (Tempo),28
0324641d-af55-4c53-b4dc-c8262e967da5,Combo,28
0324641d-af55-4c53-b4dc-c8262e967da5,Combo-Control,20
0324641d-af55-4c53-b4dc-c8262e967da5,Control,25
0359f212-9564-41a9-870b-d2c57455a695,Combo,43
0359f212-9564-41a9-870b-d2c57455a695,Control,43
045ce37b-86d2-4e56-84af-b6625b53d13c,Aggro,61
045ce37b-86d2-4e56-84af-b6625b53d13c,Combo-Control,31
045ce37b-86d2-4e56-84af-b6625b53d13c,Control,71
0463e989-ba32-4a46-a82f-e0d6daf3cd51,Aggro,29
04fc99dc-bfbe-4567-b791-6b1db96471ec,Combo,84
04fc99dc-bfbe-4567-b791-6b1db96471ec,Control,46
04fc99dc-bfbe-4567-b791-6b1db96471ec,Control-Aggro (Midrange),19
054f2276-2dd5-43da-bb26-c57c560861fe,Combo,67
054f2276-2dd5-43da-bb26-c57c560861fe,Combo-Control,40
054f2276-2dd5-43da-bb26-c57c560861fe,Control,26
05690d52-06c4-40b1-8360-380418a83250,Control,19
059164e1-894d-4586-9800-e60d6fbd6eb6,Aggro-Combo,19
059164e1-894d-4586-9800-e60d6fbd6eb6,Combo-Control,20
0596155d-8f83-40ca-be31-9a0df1ced65e,Control,27
05bd329b-5707-42fc-af1c-084cc604e805,Aggro,17
05bdd22c-3e11-4c29-bdfa-d3dfc0e90a9f,Combo,66
05bdd22c-3e11-4c29-bdfa-d3dfc0e90a9f,Control,38
05bdd22c-3e11-4c29-bdfa-d3dfc0e90a9f,Control-Aggro (Midrange),20
05cf51d8-9f91-42ff-99e9-4397f2251c20,Combo-Control,20
05cf51d8-9f91-42ff-99e9-4397f2251c20,Control,92
05e8a4ea-8c0d-4284-ac23-80e19fdde11d,Combo,54
05e8a4ea-8c0d-4284-ac23-80e19fdde11d,Control,18
0645f487-efe5-4764-b361-85e07bb5ccca,Combo,20
064dfdeb-485f-473e-9fa0-8fdb7638cdc6,Aggro,38
064dfdeb-485f-473e-9fa0-8fdb7638cdc6,Combo,55
064dfdeb-485f-473e-9fa0-8fdb7638cdc6,Control,45
068bb15a-fc2d-42a2-859b-837b946d23c0,Combo,54
068bb15a-fc2d-42a2-859b-837b946d23c0,Control,64
06c0c35d-a26e-473a-9206-8fbda7191700,Combo,102
06c0c35d-a26e-473a-9206-8fbda7191700,Combo-Control,20
06cb1bd6-73e0-4104-b344-4bc52d7dcedf,Combo,50
06cb1bd6-73e0-4104-b344-4bc52d7dcedf,Control,53
071daca8-ccc6-4707-843e-adac40dd1588,Aggro,94
071daca8-ccc6-4707-843e-adac40dd1588,Combo-Control,18
071daca8-ccc6-4707-843e-adac40dd1588,Control-Aggro (Midrange),19
07246783-d475-4f61-99ac-e2b574072349,Aggro,30
07246783-d475-4f61-99ac-e2b574072349,Control-Aggro (Midrange),18
07313dd3-d0dc-40ca-98a3-fa4d39e5bcae,Aggro,55
07313dd3-d0dc-40ca-98a3-fa4d39e5bcae,Combo-Control,20
07313dd3-d0dc-40ca-98a3-fa4d39e5bcae,Control,36
07313dd3-d0dc-40ca-98a3-fa4d39e5bcae,Control-Aggro (Midrange),19
073bfdca-d7b8-4f4b-93f3-6e7c44bc0b0a,Aggro,45
073bfdca-d7b8-4f4b-93f3-6e7c44bc0b0a,Combo,60
073bfdca-d7b8-4f4b-93f3-6e7c44bc0b0a,Combo-Control,18
073bfdca-d7b8-4f4b-93f3-6e7c44bc0b0a,Control,39
0783b426-a527-42c1-9271-be28b229e1c6,Combo,19
079e6263-e54c-4899-a336-5315909b9322,Aggro,84
079e6263-e54c-4899-a336-5315909b9322,Combo-Control,28
07a3d9e8-8597-498b-869c-cff79e0df516,Combo,45
07a3d9e8-8597-498b-869c-cff79e0df516,Combo-Control,18
07a3d9e8-8597-498b-869c-cff79e0df516,Control,37
07c17b01-ee5d-491a-8403-b3f819b778c4,Combo,49
07c17b01-ee5d-491a-8403-b3f819b778c4,Combo-Control,29
07d8ae46-14ec-4878-ba8a-a47d4508c6d7,Control,26
0845f0b0-9413-4ddd-861d-9607636bebc6,Aggro,18
0845f0b0-9413-4ddd-861d-9607636bebc6,Aggro-Combo,66
0845f0b0-9413-4ddd-861d-9607636bebc6,Combo-Control,18
0845f0b0-9413-4ddd-861d-9607636bebc6,Control-Aggro (Midrange),20
09521f23-52d6-482d-9f3b-c4d12fcc08cc,Combo-Control,20
09521f23-52d6-482d-9f3b-c4d12fcc08cc,Control,76
09fd2d9c-1793-4beb-a3fb-7a869f660cd4,Aggro,103
09fd2d9c-1793-4beb-a3fb-7a869f660cd4,Combo,18
09fd2d9c-1793-4beb-a3fb-7a869f660cd4,Combo-Control,19
0a26d900-c652-4f9c-8681-a35c5f8b1937,Aggro,71
0a26d900-c652-4f9c-8681-a35c5f8b1937,Control,27
0a786855-6eb4-42c0-a528-4842db46809d,Combo,20
0a786855-6eb4-42c0-a528-4842db46809d,Control,19
0ad38866-fc5f-4f62-89c1-afc0f50765aa,Aggro,64
0ad38866-fc5f-4f62-89c1-afc0f50765aa,Control,37
0adcd4e5-d542-4293-8774-ace2305ef820,Combo,41
0adcd4e5-d542-4293-8774-ace2305ef820,Combo-Control,21
0adcd4e5-d542-4293-8774-ace2305ef820,Control-Aggro (Midrange),30
0c3bc412-689f-4385-807b-ed60d6276d76,Combo,38
0c3bc412-689f-4385-807b-ed60d6276d76,Control,61
0c3d7e2c-a104-4757-9984-fb31088f92c4,Aggro-Control (Tempo),20
0c3d7e2c-a104-4757-9984-fb31088f92c4,Combo,31
0c3d7e2c-a104-4757-9984-fb31088f92c4,Control,46
0c9a7cb0-5bff-48ff-b620-2838816ac9b5,Aggro-Control (Tempo),46
0c9a7cb0-5bff-48ff-b620-2838816ac9b5,Combo,19
0c9a7cb0-5bff-48ff-b620-2838816ac9b5,Control,72
0cb33b46-4d1b-4f97-bfdc-d815aee111da,Aggro,79
0cb33b46-4d1b-4f97-bfdc-d815aee111da,Aggro-Control (Tempo),19
0cb33b46-4d1b-4f97-bfdc-d815aee111da,Combo,40
0cb33b46-4d1b-4f97-bfdc-d815aee111da,Control,25
0ce44270-a684-4489-9077-521456e6dfaa,Aggro-Control (Tempo),38
0ce44270-a684-4489-9077-521456e6dfaa,Combo,64
0ce44270-a684-4489-9077-521456e6dfaa,Combo-Control,18
0ce44270-a684-4489-9077-521456e6dfaa,Control,27
0d08f5e4-d2d3-4659-86d4-a983d80e3b2c,Combo-Control,21
0d08f5e4-d2d3-4659-86d4-a983d80e3b2c,Control,71
0d16e8e0-31b2-4389-afd6-783c501f6fa0,Aggro,98
0d16e8e0-31b2-4389-afd6-783c501f6fa0,Control,41
0d60eabe-b281-4eba-9c26-287364ed2067,Aggro,63
0d60eabe-b281-4eba-9c26-287364ed2067,Control,19
0da69523-cece-425a-b08a-fb27fac29374,Aggro,88
0e0d989d-7186-40dc-bdfe-cfbb77656bc8,Combo,53
0e51d796-7279-4c06-87f0-37adbdaa41df,Combo,71
0e51d796-7279-4c06-87f0-37adbdaa41df,Combo-Control,20
0e606072-a3aa-4300-ba90-ec92a721fa76,Aggro-Control (Tempo),36
0e606072-a3aa-4300-ba90-ec92a721fa76,Combo,25
0e606072-a3aa-4300-ba90-ec92a721fa76,Control,43
0e9aeaa8-9a75-4719-992f-cbb316f72175,Aggro,27
0e9aeaa8-9a75-4719-992f-cbb316f72175,Control-Aggro (Midrange),28
0ecbe097-ba51-42e5-957c-382eb66c08f0,Aggro,83
0ecbe097-ba51-42e5-957c-382eb66c08f0,Control,19
0eee981e-5d26-4810-90e1-432f3c3107f2,Aggro-Combo,20
0eee981e-5d26-4810-90e1-432f3c3107f2,Combo-Control,21
0eee981e-5d26-4810-90e1-432f3c3107f2,Control-Aggro (Midrange),20
0f7585c8-9e21-4eef-afc1-2852de23db2f,Combo,41
0f7585c8-9e21-4eef-afc1-2852de23db2f,Combo-Control,27
0f7585c8-9e21-4eef-afc1-2852de23db2f,Control,42
0f7585c8-9e21-4eef-afc1-2852de23db2f,Control-Aggro (Midrange),20
0fb4c734-c698-46f2-bc78-5f036f472e5b,Aggro,18
0fe070f4-8877-4280-b8fd-869f3ac34ab6,Aggro,28
0fe070f4-8877-4280-b8fd-869f3ac34ab6,Control,17
10158a5e-5a03-41ab-85d2-0907ccf32c9b,Combo,44
10158a5e-5a03-41ab-85d2-0907ccf32c9b,Combo-Control,29
10158a5e-5a03-41ab-85d2-0907ccf32c9b,Control,27
1066a94a-8e4f-4d77-820b-7a77a18116f0,Aggro,57
1066a94a-8e4f-4d77-820b-7a77a18116f0,Combo-Control,18
1066a94a-8e4f-4d77-820b-7a77a18116f0,Control,26
1066a94a-8e4f-4d77-820b-7a77a18116f0,Control-Aggro (Midrange),18
106f9629-b3aa-4703-82fb-c1e771bbce72,Aggro,37
106f9629-b3aa-4703-82fb-c1e771bbce72,Control,34
107492bd-b32f-4692-917c-7771986b5bf7,Combo,51
107492bd-b32f-4692-917c-7771986b5bf7,Combo-Control,20
1103da9c-300c-406b-997d-9e5bb7cd02d6,Aggro,30
1132218d-56cd-441e-9006-df3c50344491,Aggro-Combo,21
1132218d-56cd-441e-9006-df3c50344491,Aggro-Control (Tempo),17
1132218d-56cd-441e-9006-df3c50344491,Control-Aggro (Midrange),28
113f48b9-a972-4e2c-af95-05ab078e01f2,Combo,29
1163fe84-c5d5-42c8-b7cd-d206a9b0bd3f,Aggro,17
1163fe84-c5d5-42c8-b7cd-d206a9b0bd3f,Combo-Control,22
117bb5db-4a1c-4704-b0b5-c67b45ac2f52,Aggro,28
120be808-ff3b-4fca-96a1-4db6b9825856,Control,19
139b90cd-8272-457a-be32-1298145345be,Combo,56
139b90cd-8272-457a-be32-1298145345be,Control,58
14065271-d942-42a8-aa38-d8a622c0375d,Aggro,31
14065271-d942-42a8-aa38-d8a622c0375d,Combo,19
14065271-d942-42a8-aa38-d8a622c0375d,Control,35
1453f92e-df2d-4789-aa1b-a5b5c51567d4,Aggro-Control (Tempo),19
1453f92e-df2d-4789-aa1b-a5b5c51567d4,Combo,95
1453f92e-df2d-4789-aa1b-a5b5c51567d4,Control,40
1571b584-9007-45ee-a3c3-6c72f227fee2,Combo,92
1571b584-9007-45ee-a3c3-6c72f227fee2,Control,26
15c34f32-49d9-4a0d-83b2-28172f54fdd1,Combo,30
15c34f32-49d9-4a0d-83b2-28172f54fdd1,Combo-Control,20
15c34f32-49d9-4a0d-83b2-28172f54fdd1,Control-Aggro (Midrange),17
15db4353-9c46-4fe4-b22e-0cf024aa9dfc,Aggro,29
15faa763-b897-4e86-b094-73f3236291a9,Combo,50
15faa763-b897-4e86-b094-73f3236291a9,Control,55
15faa763-b897-4e86-b094-73f3236291a9,Control-Aggro (Midrange),20
162018eb-5483-4fa2-9c5a-abb639eecf91,Aggro,16
162018eb-5483-4fa2-9c5a-abb639eecf91,Combo-Control,31
162e81d3-6cd4-4cb8-8ed8-cfbd8d34ca71,Combo,29
162e81d3-6cd4-4cb8-8ed8-cfbd8d34ca71,Control,48
16448d95-ee21-4def-b880-26f6f159c213,Combo,46
16c8d2fa-54a7-46e8-980c-905258497c90,Aggro,56
16c8d2fa-54a7-46e8-980c-905258497c90,Combo,31
16c8d2fa-54a7-46e8-980c-905258497c90,Combo-Control,31
16c8d2fa-54a7-46e8-980c-905258497c90,Control,39
16e040c3-bf42-4a5b-aeb3-5dc9921151e5,Control,28
1716b4dd-9045-462b-b053-72de450a8cde,Aggro,41
1716b4dd-9045-462b-b053-72de450a8cde,Combo,58
1716b4dd-9045-462b-b053-72de450a8cde,Control,18
17260fff-b239-4af4-9306-3236ae3fa5a5,Aggro-Control (Tempo),18
17260fff-b239-4af4-9306-3236ae3fa5a5,Combo,30
17260fff-b239-4af4-9306-3236ae3fa5a5,Combo-Control,30
17260fff-b239-4af4-9306-3236ae3fa5a5,Control,36
175b3d28-5c74-4972-9b5c-5e39762c78f4,Combo,75
175b3d28-5c74-4972-9b5c-5e39762c78f4,Control,26
1785cb18-c291-4fd5-b8c7-ace893c32e49,Combo,45
1785cb18-c291-4fd5-b8c7-ace893c32e49,Combo-Control,40
1785cb18-c291-4fd5-b8c7-ace893c32e49,Control,33
17db2b6a-eaa8-4a08-9e86-370bbd058574,Combo,33
17db2b6a-eaa8-4a08-9e86-370bbd058574,Control,40
17db2b6a-eaa8-4a08-9e86-370bbd058574,Control-Aggro (Midrange),42
17f28b16-da65-41a8-ba4f-f1c5e104aad6,Aggro,75
17f28b16-da65-41a8-ba4f-f1c5e104aad6,Control,45
18092f68-b96e-4084-9eba-b240d2195d81,Aggro,65
18092f68-b96e-4084-9eba-b240d2195d81,Control,26
1834ac92-8b4e-4442-a834-acd580e1ef99,Aggro,19
1834ac92-8b4e-4442-a834-acd580e1ef99,Aggro-Control (Tempo),17
187b6719-e5ed-4615-a00b-3313ceca055b,Combo,71
187e887c-c39d-4d25-a506-cdc95fc70316,Aggro,63
18a3cca1-e50e-49b6-9e1a-f86640e3b177,Aggro,29
18a3cca1-e50e-49b6-9e1a-f86640e3b177,Combo,49
18a3cca1-e50e-49b6-9e1a-f86640e3b177,Combo-Control,20
18a3cca1-e50e-49b6-9e1a-f86640e3b177,Control,43
18adbda4-8d36-47cd-afbc-c785aaa8ed80,Combo,67
18bd50f2-c3ba-4217-a2d5-bb771e199706,Combo,107
18bd50f2-c3ba-4217-a2d5-bb771e199706,Control,37
18f23daa-bc59-456a-8a28-3823e51bc74b,Combo,78
19018f23-b63b-45af-8419-8959f41472d4,Aggro,18
19477aca-b8db-4061-9a78-ebb189a9df22,Aggro-Control (Tempo),18
19477aca-b8db-4061-9a78-ebb189a9df22,Combo,21
19477aca-b8db-4061-9a78-ebb189a9df22,Control,39
19557351-b65f-4b04-b971-66abdc07000a,Aggro,37
19557351-b65f-4b04-b971-66abdc07000a,Control,27
19adde22-e5eb-4815-beb6-c520b3274cc9,Aggro,39
19adde22-e5eb-4815-beb6-c520b3274cc9,Aggro-Combo,30
19adde22-e5eb-4815-beb6-c520b3274cc9,Control,30
19adde22-e5eb-4815-beb6-c520b3274cc9,Control-Aggro (Midrange),28
19d6834d-afa3-4747-a62d-0654f4d9729f,Combo,26
19d6834d-afa3-4747-a62d-0654f4d9729f,Control,17
1a55c370-d396-4c73-8ee2-83dc4c124005,Aggro-Control (Tempo),17
1a55c370-d396-4c73-8ee2-83dc4c124005,Combo-Control,20
1a55c370-d396-4c73-8ee2-83dc4c124005,Control-Aggro (Midrange),18
1a6f256b-943e-4cfb-9fc9-d1ded68b5f97,Combo,38
1a6f256b-943e-4cfb-9fc9-d1ded68b5f97,Control,35
1ac01fff-4de6-4783-9489-4127e25bc641,Aggro,29
1ac01fff-4de6-4783-9489-4127e25bc641,Aggro-Control (Tempo),18
1ac01fff-4de6-4783-9489-4127e25bc641,Combo,51
1ac01fff-4de6-4783-9489-4127e25bc641,Combo-Control,18
1ac01fff-4de6-4783-9489-4127e25bc641,Control,20
1ac01fff-4de6-4783-9489-4127e25bc641,Control-Aggro (Midrange),20
1ac0e78b-0fdd-44f9-8b7b-c4f28a32782e,Aggro,37
1af92296-455a-425e-9397-a96d09937767,Aggro,70
1af92296-455a-425e-9397-a96d09937767,Control,21
1b6ef5f5-4058-4f89-a573-9e2da87a9f2e,Control-Aggro (Midrange),17
1bd3fa8a-6c50-4f7f-9ae3-0810eec5e3db,Aggro,71
1bd3fa8a-6c50-4f7f-9ae3-0810eec5e3db,Aggro-Control (Tempo),17
1bd3fa8a-6c50-4f7f-9ae3-0810eec5e3db,Control,53
1be9d9a4-d7ee-4854-abc2-85cabf993ec9,Combo,122
1c0f2873-5849-4cab-855a-2fbbc41dbb6c,Aggro,30
1c0f2873-5849-4cab-855a-2fbbc41dbb6c,Combo,40
1c0f2873-5849-4cab-855a-2fbbc41dbb6c,Combo-Control,18
1c0f2873-5849-4cab-855a-2fbbc41dbb6c,Control-Aggro (Midrange),30
1c603751-1e2b-4c8e-a8d2-5c0876e7254f,Aggro,22
1c603751-1e2b-4c8e-a8d2-5c0876e7254f,Control,16
1c7d50d6-b63a-4d8c-88fa-1d78ae693a45,Combo,21
1c7d50d6-b63a-4d8c-88fa-1d78ae693a45,Combo-Control,18
1c7d50d6-b63a-4d8c-88fa-1d78ae693a45,Control,28
1c7d50d6-b63a-4d8c-88fa-1d78ae693a45,Control-Aggro (Midrange),21
1daf4348-05c5-4c55-bcf2-c7bec7988bfc,Aggro,87
1daf4348-05c5-4c55-bcf2-c7bec7988bfc,Control,21
1dd64b1d-bcef-476c-bf0b-3ac7df7cbed3,Aggro-Combo,38
1dd64b1d-bcef-476c-bf0b-3ac7df7cbed3,Control-Aggro (Midrange),28
1e0c695d-62f9-4805-9e2f-7032e8464136,Control,27
1e2fee55-227b-4373-a3f7-b463f220033f,Combo,125
1e3e8085-cfcd-4e88-b441-4d1f8ac63904,Aggro,87
1e3e8085-cfcd-4e88-b441-4d1f8ac63904,Control,73
1ea179e9-9c0d-46c1-9ee8-60be68e1f79c,Aggro-Control (Tempo),18
1ea179e9-9c0d-46c1-9ee8-60be68e1f79c,Combo,28
1ee98955-4c47-4d45-9377-608dfa755337,Combo,86
1ee98955-4c47-4d45-9377-608dfa755337,Control,28
1f2f7d4b-aa65-42ed-a441-8e35be96743c,Aggro,51
1f9fb33a-3b39-4aff-93b8-aedafe0ea694,Aggro,19
1f9fb33a-3b39-4aff-93b8-aedafe0ea694,Aggro-Combo,31
1f9fb33a-3b39-4aff-93b8-aedafe0ea694,Control-Aggro (Midrange),56
1fc6d14a-1328-4032-ad9e-cd85cd365bd3,Control,21
1fc6d14a-1328-4032-ad9e-cd85cd365bd3,Control-Aggro (Midrange),41
1fdcc0c3-4029-4fc3-a486-5d7f45c910bd,Combo,56
1fdcc0c3-4029-4fc3-a486-5d7f45c910bd,Control,37
205df311-a72d-40f1-b2ea-9b30274bc9bd,Control-Aggro (Midrange),19
207d5f12-fbc6-4c75-9d84-fd2f0023fbd0,Aggro-Combo,17
207d5f12-fbc6-4c75-9d84-fd2f0023fbd0,Combo,86
216a8e4e-ea7b-41c7-a982-b5751025ff25,Aggro,17
21c950d7-b4f6-4902-8c9a-98f2933f9fa5,Aggro,105
21c950d7-b4f6-4902-8c9a-98f2933f9fa5,Control,18
224d904a-5972-4152-878a-9a922e7a55b6,Aggro,20
224d904a-5972-4152-878a-9a922e7a55b6,Combo,21
224d904a-5972-4152-878a-9a922e7a55b6,Control-Aggro (Midrange),19
229a0d4a-3777-451d-a2fb-f1a2fdf8019f,Combo,21
229a0d4a-3777-451d-a2fb-f1a2fdf8019f,Control,35
22c26e44-e129-4c4d-b552-3cc8774ce1a4,Combo,20
22c26e44-e129-4c4d-b552-3cc8774ce1a4,Control,29
2398892d-28e9-4009-81ec-0d544af79d2b,Aggro-Control (Tempo),37
2398892d-28e9-4009-81ec-0d544af79d2b,Combo,48
2398892d-28e9-4009-81ec-0d544af79d2b,Control,53
2398892d-28e9-4009-81ec-0d544af79d2b,Control-Aggro (Midrange),17
23b95b26-0bbf-4fa1-80c1-f621f1a1b947,Combo,29
2424f2c4-366b-42cf-bf4b-a8a5bfdd2c4b,Aggro,21
2424f2c4-366b-42cf-bf4b-a8a5bfdd2c4b,Combo,69
245cdc59-d560-4c10-b721-f51cc312e370,Combo,27
245cdc59-d560-4c10-b721-f51cc312e370,Control,36
2462df62-fc35-47ed-9571-40452074dc6d,Control-Aggro (Midrange),18
247939d9-87e9-4f01-b223-fb4cfa7dbbe1,Aggro-Control (Tempo),26
247939d9-87e9-4f01-b223-fb4cfa7dbbe1,Combo,55
247939d9-87e9-4f01-b223-fb4cfa7dbbe1,Combo-Control,29
247939d9-87e9-4f01-b223-fb4cfa7dbbe1,Control,36
2487d124-210b-4808-888c-cd0a78aebd90,Combo,29
2487d124-210b-4808-888c-cd0a78aebd90,Control,19
24a5cc2c-0fbf-4a5f-b175-6e0ffd0d0787,Aggro,27
24a5cc2c-0fbf-4a5f-b175-6e0ffd0d0787,Combo,39
24a5cc2c-0fbf-4a5f-b175-6e0ffd0d0787,Combo-Control,20
24a5cc2c-0fbf-4a5f-b175-6e0ffd0d0787,Control,19
24a5cc2c-0fbf-4a5f-b175-6e0ffd0d0787,Control-Aggro (Midrange),29
24c0d87b-0049-4beb-b9cb-6f813b7aa7dc,Aggro,84
24c0d87b-0049-4beb-b9cb-6f813b7aa7dc,Combo,21
24c0d87b-0049-4beb-b9cb-6f813b7aa7dc,Control,28
24da9431-7e52-44f5-bc18-2f2d8a4ca81e,Aggro,61
24da9431-7e52-44f5-bc18-2f2d8a4ca81e,Combo-Control,18
24da9431-7e52-44f5-bc18-2f2d8a4ca81e,Control,22
24da9431-7e52-44f5-bc18-2f2d8a4ca81e,Control-Aggro (Midrange),29
24e58478-c6a8-4f86-854a-a489c99bd777,Aggro,67
25b0b816-0583-44aa-9dc5-f3ff48993a51,Aggro,18
25b0b816-0583-44aa-9dc5-f3ff48993a51,Aggro-Combo,48
25b0b816-0583-44aa-9dc5-f3ff48993a51,Combo-Control,18
25b0b816-0583-44aa-9dc5-f3ff48993a51,Control,18
25b0b816-0583-44aa-9dc5-f3ff48993a51,Control-Aggro (Midrange),29
2605df98-0b02-4aab-bc36-01e93c693743,Combo-Control,20
2616aa0e-8413-4e63-877c-bffd5263f552,Aggro,37
2616aa0e-8413-4e63-877c-bffd5263f552,Aggro-Control (Tempo),17
2616aa0e-8413-4e63-877c-bffd5263f552,Combo,20
2616aa0e-8413-4e63-877c-bffd5263f552,Control,18
2616aa0e-8413-4e63-877c-bffd5263f552,Control-Aggro (Midrange),18
261ac92e-c61a-4c11-aa6a-9ae1cb703e5c,Aggro-Control (Tempo),18
261ac92e-c61a-4c11-aa6a-9ae1cb703e5c,Combo,18
261ac92e-c61a-4c11-aa6a-9ae1cb703e5c,Control,68
26c68473-70ca-40ba-b5c6-71ec30f88a2c,Combo,40
26c68473-70ca-40ba-b5c6-71ec30f88a2c,Control,19
26d40e03-6de4-4373-9fbf-04c1dd79e995,Aggro,36
26d40e03-6de4-4373-9fbf-04c1dd79e995,Combo-Control,31
26d40e03-6de4-4373-9fbf-04c1dd79e995,Control,29
28667c8b-d02c-4e57-a050-1549207b65d1,Aggro-Combo,28
29148d7e-b398-4e19-a29e-d9a660ad5016,Combo,29
29148d7e-b398-4e19-a29e-d9a660ad5016,Combo-Control,20
29632951-3c3d-478c-8c5a-9a34f30a5c28,Aggro,46
29632951-3c3d-478c-8c5a-9a34f30a5c28,Aggro-Control (Tempo),19
29632951-3c3d-478c-8c5a-9a34f30a5c28,Combo,28
29632951-3c3d-478c-8c5a-9a34f30a5c28,Control,36
2a717b98-cdac-416d-bf6c-f6b6638e65d1,Aggro-Control (Tempo),29
2a717b98-cdac-416d-bf6c-f6b6638e65d1,Combo,59
2a717b98-cdac-416d-bf6c-f6b6638e65d1,Control,73
2ae6828e-ff19-45db-8b59-61616353491f,Control,36
2ae6828e-ff19-45db-8b59-61616353491f,Control-Aggro (Midrange),30
2aef4608-5ba8-4636-b5e7-cac57c5c0608,Combo,40
2aef4608-5ba8-4636-b5e7-cac57c5c0608,Combo-Control,18
2b20d3e1-62ef-44db-8109-a33d4fa3e7f1,Aggro-Combo,19
2b20d3e1-62ef-44db-8109-a33d4fa3e7f1,Combo,20
2b20d3e1-62ef-44db-8109-a33d4fa3e7f1,Control-Aggro (Midrange),19
2b5315a4-6a78-456f-8d5a-fea9d62f3f0e,Aggro,39
2b5315a4-6a78-456f-8d5a-fea9d62f3f0e,Aggro-Combo,20
2b5315a4-6a78-456f-8d5a-fea9d62f3f0e,Combo,51
2b5315a4-6a78-456f-8d5a-fea9d62f3f0e,Combo-Control,18
2b5315a4-6a78-456f-8d5a-fea9d62f3f0e,Control-Aggro (Midrange),30
2b5801fb-2026-4f25-98bc-ebb2f99684b9,Combo,55
2b5801fb-2026-4f25-98bc-ebb2f99684b9,Control,37
2b73d294-6ab1-4051-9b0f-d8e335d37674,Aggro,75
2b73d294-6ab1-4051-9b0f-d8e335d37674,Combo-Control,27
2b73d294-6ab1-4051-9b0f-d8e335d37674,Control-Aggro (Midrange),20
2b74bb81-fb9a-40e5-a941-e517430b52f5,Aggro,29
2b74bb81-fb9a-40e5-a941-e517430b52f5,Combo,31
2b74bb81-fb9a-40e5-a941-e517430b52f5,Combo-Control,21
2b74bb81-fb9a-40e5-a941-e517430b52f5,Control,20
2b9b0195-beda-403e-bc27-7ae3be9f318c,Aggro,30
2b9b0195-beda-403e-bc27-7ae3be9f318c,Combo-Control,31
2b9b0195-beda-403e-bc27-7ae3be9f318c,Control,20
2b9b0195-beda-403e-bc27-7ae3be9f318c,Control-Aggro (Midrange),28
2ba70366-b6ae-423a-a8d8-29d2b8afd939,Combo,28
2be39749-ad6f-4160-99eb-c677eee7f1b2,Aggro,21
2be39749-ad6f-4160-99eb-c677eee7f1b2,Aggro-Control (Tempo),17
2be39749-ad6f-4160-99eb-c677eee7f1b2,Combo-Control,20
2be39749-ad6f-4160-99eb-c677eee7f1b2,Control,76
2bf2da97-3331-4614-b4ff-f03d061500a7,Aggro,35
2bf2da97-3331-4614-b4ff-f03d061500a7,Combo,39
2bf2da97-3331-4614-b4ff-f03d061500a7,Combo-Control,18
2bf2da97-3331-4614-b4ff-f03d061500a7,Control,26
2bf2da97-3331-4614-b4ff-f03d061500a7,Control-Aggro (Midrange),21
2c695df6-6bf2-4e6b-8500-e3116137ca27,Aggro,71
2c695df6-6bf2-4e6b-8500-e3116137ca27,Control,65
2c695df6-6bf2-4e6b-8500-e3116137ca27,Control-Aggro (Midrange),19
2d9b12cc-f616-4b52-91eb-a430e70f9251,Control,33
2da5f3f8-5eef-498f-ba2c-2f3fbc3745aa,Aggro,26
2da5f3f8-5eef-498f-ba2c-2f3fbc3745aa,Control,46
2dc16614-5cf8-444d-a5ae-cac25018af68,Aggro,63
2dc16614-5cf8-444d-a5ae-cac25018af68,Combo,20
2dc16614-5cf8-444d-a5ae-cac25018af68,Control,20
2e139ad1-1079-49e9-babd-6399c44ad333,Aggro,47
2e139ad1-1079-49e9-babd-6399c44ad333,Combo,18
2ef878cb-27b6-47d8-ad11-bd20529b0e7e,Aggro,36
2ef878cb-27b6-47d8-ad11-bd20529b0e7e,Combo,20
2f8f22fb-7291-4517-9b15-e98501f2856b,Combo-Control,20
3003d481-1b52-4aa9-bbdc-e948fbc8d49d,Aggro-Combo,40
3003d481-1b52-4aa9-bbdc-e948fbc8d49d,Combo-Control,18
3003d481-1b52-4aa9-bbdc-e948fbc8d49d,Control-Aggro (Midrange),37
3027e6c5-eed3-44e7-bb12-67569721af99,Combo,19
3028075c-5fc5-4942-a984-1ffcf7a8933d,Aggro,19
3028075c-5fc5-4942-a984-1ffcf7a8933d,Control,29
3028075c-5fc5-4942-a984-1ffcf7a8933d,Control-Aggro (Midrange),29
30377bf0-d9b1-4c14-8dde-f74b1e02d604,Aggro,19
30377bf0-d9b1-4c14-8dde-f74b1e02d604,Aggro-Combo,30
30377bf0-d9b1-4c14-8dde-f74b1e02d604,Aggro-Control (Tempo),17
30377bf0-d9b1-4c14-8dde-f74b1e02d604,Control,38
30377bf0-d9b1-4c14-8dde-f74b1e02d604,Control-Aggro (Midrange),37
310a1c46-8331-4a09-9fcb-d942f8102364,Combo,47
310a1c46-8331-4a09-9fcb-d942f8102364,Combo-Control,19
310a1c46-8331-4a09-9fcb-d942f8102364,Control,72
311a6257-dd77-4bb6-81cb-c8e7862350f3,Combo,105
31276460-fa9d-47da-85c5-c4baa8074d0d,Aggro,21
31b770cc-09e7-4c0b-b2a4-462ab4f7200d,Combo,56
31b770cc-09e7-4c0b-b2a4-462ab4f7200d,Combo-Control,38
31b770cc-09e7-4c0b-b2a4-462ab4f7200d,Control,17
3277ad99-5682-4baa-b106-de15721876a6,Aggro,55
327cf118-cc92-4073-85d0-94d2a0a6989a,Aggro,17
327cf118-cc92-4073-85d0-94d2a0a6989a,Combo,57
327cf118-cc92-4073-85d0-94d2a0a6989a,Combo-Control,20
327cf118-cc92-4073-85d0-94d2a0a6989a,Control,38
329a8738-3e17-403a-857a-0ba529ce8cd1,Combo,46
329a8738-3e17-403a-857a-0ba529ce8cd1,Control,17
329a8738-3e17-403a-857a-0ba529ce8cd1,Control-Aggro (Midrange),19
32a180dd-9641-4546-8940-9b21084f0c71,Aggro,62
32a180dd-9641-4546-8940-9b21084f0c71,Aggro-Control (Tempo),28
32a180dd-9641-4546-8940-9b21084f0c71,Combo,19
32a180dd-9641-4546-8940-9b21084f0c71,Combo-Control,19
32a180dd-9641-4546-8940-9b21084f0c71,Control,26
32aa6e33-221f-414c-9b51-850d97a7e051,Aggro,57
32aa6e33-221f-414c-9b51-850d97a7e051,Aggro-Control (Tempo),17
32aa6e33-221f-414c-9b51-850d97a7e051,Combo-Control,20
32aa6e33-221f-414c-9b51-850d97a7e051,Control,27
32e29c7d-ed4b-4eff-b3c2-d99e5b63ef8d,Aggro-Control (Tempo),18
33672990-4860-4aa6-ac1b-f9da66f5da59,Combo,44
33672990-4860-4aa6-ac1b-f9da66f5da59,Control,22
33ab05b5-d6f5-439c-9aed-1a58ceb282ad,Aggro,57
33ca68a6-474e-4d86-bffa-ee4bddb4a3cf,Combo,46
33ca68a6-474e-4d86-bffa-ee4bddb4a3cf,Control,17
345a1c80-41d6-43b1-83ab-1aa56dd06b1b,Combo,21
345a4aee-5846-4ae9-9af1-4c8fe8d692ec,Aggro,29
345a4aee-5846-4ae9-9af1-4c8fe8d692ec,Aggro-Control (Tempo),18
345a4aee-5846-4ae9-9af1-4c8fe8d692ec,Control,62
3462a3d0-5552-49fa-9eb7-100960c55891,Aggro-Combo,17
3462a3d0-5552-49fa-9eb7-100960c55891,Combo,21
3462a3d0-5552-49fa-9eb7-100960c55891,Control,49
3462a3d0-5552-49fa-9eb7-100960c55891,Control-Aggro (Midrange),17
35f1a6ba-e46f-44fb-93f4-fb883d677b36,Aggro,21
35f1a6ba-e46f-44fb-93f4-fb883d677b36,Combo,48
35f1a6ba-e46f-44fb-93f4-fb883d677b36,Control,51
377cee38-e769-47b0-abd5-0f528600f36a,Aggro,40
377cee38-e769-47b0-abd5-0f528600f36a,Combo,58
377cee38-e769-47b0-abd5-0f528600f36a,Control,21
377cee38-e769-47b0-abd5-0f528600f36a,Control-Aggro (Midrange),30
37dbe1a3-3c44-452b-9fb9-37f5d793d0b5,Combo,55
396bca07-82ba-49b7-b79e-7784b3a06d48,Control,25
39b41cb3-ca3d-4389-8f66-e1f77f5fb683,Control,19
39c431d7-d94b-46c4-bb89-f3db56214ab4,Aggro-Combo,21
39c431d7-d94b-46c4-bb89-f3db56214ab4,Combo,20
39c431d7-d94b-46c4-bb89-f3db56214ab4,Control-Aggro (Midrange),21
3a2d7cf9-dddb-4de3-b4f2-c52e3ec8fb4b,Combo,80
3a2d7cf9-dddb-4de3-b4f2-c52e3ec8fb4b,Combo-Control,20
3a9d1082-a862-45d4-9e5e-392e879fead6,Combo,21
3a9d1082-a862-45d4-9e5e-392e879fead6,Control-Aggro (Midrange),19
3b214b6f-4734-4200-8467-92d7e3469b5d,Combo,57
3b5233ff-03bc-4053-9b49-c4185c2de38d,Aggro,19
3b5233ff-03bc-4053-9b49-c4185c2de38d,Control,56
3b6e5956-f795-451b-bb24-56462d1ced27,Aggro,56
3b6e5956-f795-451b-bb24-56462d1ced27,Aggro-Control (Tempo),18
3b6e5956-f795-451b-bb24-56462d1ced27,Control,27
3b6e5956-f795-451b-bb24-56462d1ced27,Control-Aggro (Midrange),18
3bd1ec98-8188-4649-899e-b0972509fc7e,Aggro,60
3bd1ec98-8188-4649-899e-b0972509fc7e,Aggro-Control (Tempo),20
3c02b8ee-84cb-44cb-ba14-9e725a9d03ee,Combo,55
3c02b8ee-84cb-44cb-ba14-9e725a9d03ee,Combo-Control,22
3c02b8ee-84cb-44cb-ba14-9e725a9d03ee,Control,76
3c3ac3dd-35db-447f-8674-37b4680a1ef7,Combo-Control,29
3c3ac3dd-35db-447f-8674-37b4680a1ef7,Control,48
3ca1e1de-b916-445f-b3b2-0f4d0cc7ceeb,Aggro-Control (Tempo),26
3ca1e1de-b916-445f-b3b2-0f4d0cc7ceeb,Combo,76
3d3025a2-4a17-4137-ba0b-bd676c6f5f88,Combo-Control,20
3d3025a2-4a17-4137-ba0b-bd676c6f5f88,Control,30
3d8ca18d-9099-4f1e-95c1-f04da58a26bd,Aggro,109
3d8ca18d-9099-4f1e-95c1-f04da58a26bd,Combo,22
3ee3945e-5089-4751-b7b3-5961c39d2a33,Aggro,18
3ee3945e-5089-4751-b7b3-5961c39d2a33,Combo,37
3ee3945e-5089-4751-b7b3-5961c39d2a33,Control,36
3f3c77ad-fce8-4506-90e1-7ef71552a71c,Aggro,22
3f3c77ad-fce8-4506-90e1-7ef71552a71c,Combo,78
3f3c77ad-fce8-4506-90e1-7ef71552a71c,Combo-Control,18
3faa8c5e-9e1b-4cee-b322-a033bf33dcbc,Combo,29
3faa8c5e-9e1b-4cee-b322-a033bf33dcbc,Control,28
400382a4-aea2-4827-b06a-1b0b3745908b,Aggro-Combo,48
400382a4-aea2-4827-b06a-1b0b3745908b,Aggro-Control (Tempo),17
400382a4-aea2-4827-b06a-1b0b3745908b,Combo,19
400382a4-aea2-4827-b06a-1b0b3745908b,Combo-Control,18
400382a4-aea2-4827-b06a-1b0b3745908b,Control,40
400382a4-aea2-4827-b06a-1b0b3745908b,Control-Aggro (Midrange),29
416d2d51-8f29-4e95-b037-e8c32b081e6c,Aggro-Control (Tempo),27
416d2d51-8f29-4e95-b037-e8c32b081e6c,Combo,51
416d2d51-8f29-4e95-b037-e8c32b081e6c,Control,61
41e108a5-4e2f-42cf-9ea1-87bf3c0a2b7f,Aggro-Combo,40
41e108a5-4e2f-42cf-9ea1-87bf3c0a2b7f,Control-Aggro (Midrange),35
4216656e-90e8-45fc-a0f6-0d0d79d0a021,Combo,56
4216656e-90e8-45fc-a0f6-0d0d79d0a021,Control,26
43aa7e35-55ee-4e02-a8aa-ea2b267055d1,Combo,71
43aa7e35-55ee-4e02-a8aa-ea2b267055d1,Combo-Control,19
43aa7e35-55ee-4e02-a8aa-ea2b267055d1,Control-Aggro (Midrange),18
441f8b2f-c8cb-4340-a92f-116c2276e906,Combo,79
441f8b2f-c8cb-4340-a92f-116c2276e906,Combo-Control,18
44afd414-cc69-4888-ba12-7ea87e60b1f7,Aggro-Combo,73
45026d57-0324-4312-8b86-2e7d4f581ee9,Aggro,39
45026d57-0324-4312-8b86-2e7d4f581ee9,Combo-Control,39
45026d57-0324-4312-8b86-2e7d4f581ee9,Control,66
45026d57-0324-4312-8b86-2e7d4f581ee9,Control-Aggro (Midrange),18
45fd6e91-df76-497f-b642-33dc3d5f6a5a,Aggro,48
45fd6e91-df76-497f-b642-33dc3d5f6a5a,Aggro-Combo,16
45fd6e91-df76-497f-b642-33dc3d5f6a5a,Combo,38
45fd6e91-df76-497f-b642-33dc3d5f6a5a,Control,31
4720b4f2-e6af-4223-9250-a0ed21ed5693,Aggro,17
4720b4f2-e6af-4223-9250-a0ed21ed5693,Combo,39
4720b4f2-e6af-4223-9250-a0ed21ed5693,Combo-Control,30
4720b4f2-e6af-4223-9250-a0ed21ed5693,Control,26
4720b4f2-e6af-4223-9250-a0ed21ed5693,Control-Aggro (Midrange),19
47a6234f-309f-4e03-9263-66da48b57153,Aggro,58
47a6234f-309f-4e03-9263-66da48b57153,Control,74
47c8e6c4-450b-4f8b-b897-5808fe935a90,Aggro,28
4820d223-4ea1-4850-931c-3d2ab5eb003b,Control,19
4820d223-4ea1-4850-931c-3d2ab5eb003b,Control-Aggro (Midrange),20
486d7edc-d983-41f0-8b78-c99aecd72996,Aggro-Control (Tempo),27
486d7edc-d983-41f0-8b78-c99aecd72996,Combo,38
486d7edc-d983-41f0-8b78-c99aecd72996,Control,34
487116ab-b885-406b-aa54-56cb67eb3ca5,Aggro,21
487116ab-b885-406b-aa54-56cb67eb3ca5,Aggro-Combo,39
490eb213-9ae2-4b45-abec-6f1dfc83792a,Aggro,20
490eb213-9ae2-4b45-abec-6f1dfc83792a,Combo,17
490eb213-9ae2-4b45-abec-6f1dfc83792a,Control,17
492b368b-de32-45c1-8459-238aae54f9fc,Combo,55
493a5ca7-5f90-4af4-b6db-43ae09a2f2c9,Combo,101
493a5ca7-5f90-4af4-b6db-43ae09a2f2c9,Control,33
49bb0ad3-1082-41f1-82a4-52a4006cc9b6,Combo,31
49bb0ad3-1082-41f1-82a4-52a4006cc9b6,Control,30
4a08ca06-58db-4ce6-b490-be4bea8956a1,Combo,52
4a08ca06-58db-4ce6-b490-be4bea8956a1,Control,26
4a0bb5dc-75a6-4bd6-81f8-611197fb0fba,Combo,40
4a0bb5dc-75a6-4bd6-81f8-611197fb0fba,Control,18
4a1f905f-1d55-4d02-9d24-e58070793d3f,Combo,112
4a1f905f-1d55-4d02-9d24-e58070793d3f,Combo-Control,21
4a706ecf-3277-40e3-871c-4ba4ead16e20,Aggro,28
4a706ecf-3277-40e3-871c-4ba4ead16e20,Combo-Control,38
4a706ecf-3277-40e3-871c-4ba4ead16e20,Control,19
4acaef84-55d1-43dc-b10a-696182e6709b,Aggro-Control (Tempo),19
4acaef84-55d1-43dc-b10a-696182e6709b,Combo,30
4acaef84-55d1-43dc-b10a-696182e6709b,Control,56
4acf970d-d2d7-413d-aba7-587ee53d8d5c,Aggro,80
4acf970d-d2d7-413d-aba7-587ee53d8d5c,Control,33
4b0bd07e-cf80-4d64-af29-f4cec6632b3e,Control,17
4b4956a2-9a39-4152-9c98-70e4b2acfa26,Aggro-Control (Tempo),21
4b4956a2-9a39-4152-9c98-70e4b2acfa26,Combo,55
4b4956a2-9a39-4152-9c98-70e4b2acfa26,Combo-Control,40
4b4956a2-9a39-4152-9c98-70e4b2acfa26,Control,57
4c6cf93a-d073-48ac-88db-c46bf3e10beb,Aggro,52
4c732dc7-dd6b-4cc1-bbe0-ff3b1d2c7419,Combo,139
4cbdacc1-7a1b-4633-85f5-eb50c2bf406d,Aggro-Control (Tempo),17
4cbdacc1-7a1b-4633-85f5-eb50c2bf406d,Combo,37
4cbdacc1-7a1b-4633-85f5-eb50c2bf406d,Control,60
4ced112a-e775-4f97-97b3-74877e9dce12,Aggro,45
4ced112a-e775-4f97-97b3-74877e9dce12,Aggro-Control (Tempo),18
4ced112a-e775-4f97-97b3-74877e9dce12,Combo,19
4ced112a-e775-4f97-97b3-74877e9dce12,Combo-Control,19
4d9dbadd-c1b6-44fe-92ac-6f69d7178342,Combo,17
4dea7bcc-3ff8-40b0-8264-0cd678d6ff31,Control,28
4df8aabc-7fcb-4b7b-980b-18f499e6c170,Combo,85
4df8aabc-7fcb-4b7b-980b-18f499e6c170,Combo-Control,19
4df8aabc-7fcb-4b7b-980b-18f499e6c170,Control,26
4e117771-5a8b-4812-b487-32ba34b7f724,Aggro,118
4e117771-5a8b-4812-b487-32ba34b7f724,Control,19
4e4b6e22-93b2-4896-bba5-0ceaa5d8ea3c,Aggro,22
4e4b6e22-93b2-4896-bba5-0ceaa5d8ea3c,Combo,20
4e4b6e22-93b2-4896-bba5-0ceaa5d8ea3c,Control-Aggro (Midrange),19
4e4fb50c-a81f-44d3-93c5-fa9a0b37f617,Combo-Control,40
4e4fb50c-a81f-44d3-93c5-fa9a0b37f617,Control,33
4f84b838-b8f1-4b9a-a19f-479594f9d427,Control-Aggro (Midrange),19
504a69eb-3c2d-4bb1-b117-252b15acf0c2,Combo,38
504a69eb-3c2d-4bb1-b117-252b15acf0c2,Combo-Control,29
504a69eb-3c2d-4bb1-b117-252b15acf0c2,Control,65
50bc0f5b-7421-45b9-af85-86dd9821b7d8,Control,56
522aa72b-2b8c-484c-872b-f082101cee35,Aggro,70
522aa72b-2b8c-484c-872b-f082101cee35,Control,62
5260f8ae-805b-4eae-badf-62de0f768867,Control,21
5260f8ae-805b-4eae-badf-62de0f768867,Control-Aggro (Midrange),19
52d3005f-a1c7-4ef5-911f-ccc0752f4181,Aggro-Control (Tempo),47
52d3005f-a1c7-4ef5-911f-ccc0752f4181,Combo,37
52d3005f-a1c7-4ef5-911f-ccc0752f4181,Control,61
52eef0d6-24b7-40b7-8403-e8e863d0cd55,Aggro,20
52eef0d6-24b7-40b7-8403-e8e863d0cd55,Aggro-Combo,48
52eef0d6-24b7-40b7-8403-e8e863d0cd55,Combo-Control,21
52eef0d6-24b7-40b7-8403-e8e863d0cd55,Control-Aggro (Midrange),47
53d4fd57-74b6-42c7-88b1-110e5a8dfc3c,Aggro-Control (Tempo),18
53d4fd57-74b6-42c7-88b1-110e5a8dfc3c,Combo,78
53d4fd57-74b6-42c7-88b1-110e5a8dfc3c,Combo-Control,19
5427d8a6-ac9e-4e50-bd39-81713b2ade25,Aggro,21
5427d8a6-ac9e-4e50-bd39-81713b2ade25,Aggro-Control (Tempo),19
5427d8a6-ac9e-4e50-bd39-81713b2ade25,Combo,49
5427d8a6-ac9e-4e50-bd39-81713b2ade25,Combo-Control,32
5427d8a6-ac9e-4e50-bd39-81713b2ade25,Control,27
54a3ea87-005e-4985-b2a5-21711d0b71c0,Aggro,21
54a3ea87-005e-4985-b2a5-21711d0b71c0,Aggro-Combo,18
54a3ea87-005e-4985-b2a5-21711d0b71c0,Combo,31
54a3ea87-005e-4985-b2a5-21711d0b71c0,Combo-Control,20
54a3ea87-005e-4985-b2a5-21711d0b71c0,Control,20
54a3ea87-005e-4985-b2a5-21711d0b71c0,Control-Aggro (Midrange),27
54e0c2cd-fa5f-427d-8e15-6066f002a8e3,Aggro,20
54f449ff-4025-465e-9ec5-a5cf42c4c9d3,Combo,59
54f449ff-4025-465e-9ec5-a5cf42c4c9d3,Combo-Control,27
54f449ff-4025-465e-9ec5-a5cf42c4c9d3,Control,68
551c0a45-9515-4e51-84e5-79703832a661,Combo,49
551c0a45-9515-4e51-84e5-79703832a661,Combo-Control,29
551c0a45-9515-4e51-84e5-79703832a661,Control,19
553fb946-2706-475b-89f9-e4355ec9ea2b,Aggro,29
553fb946-2706-475b-89f9-e4355ec9ea2b,Control,27
55707746-da6e-46e5-a5ca-7ac843fdc38e,Aggro,77
55707746-da6e-46e5-a5ca-7ac843fdc38e,Control,55
55707746-da6e-46e5-a5ca-7ac843fdc38e,Control-Aggro (Midrange),19
55d35442-5ca0-4fd7-8ff1-b7347b3e6690,Aggro,55
564caf57-4ba5-4993-a35e-945699c94eb7,Combo,80
564caf57-4ba5-4993-a35e-945699c94eb7,Control,27
568dd5a6-86f4-4039-87d7-812120c8ab94,Aggro-Combo,17
568dd5a6-86f4-4039-87d7-812120c8ab94,Combo,83
56995b84-2307-4955-9c7c-dc4f04acdc07,Aggro,31
56995b84-2307-4955-9c7c-dc4f04acdc07,Aggro-Control (Tempo),19
56995b84-2307-4955-9c7c-dc4f04acdc07,Combo,58
56995b84-2307-4955-9c7c-dc4f04acdc07,Combo-Control,22
56995b84-2307-4955-9c7c-dc4f04acdc07,Control,31
57fb0fa7-0c5c-4a75-9461-c51403c30282,Combo,20
57fb0fa7-0c5c-4a75-9461-c51403c30282,Control,18
586a4c31-65c7-4c7f-b5f6-74b105b2a629,Combo,39
59faa45d-868b-4bc7-934c-0e077642e129,Aggro,29
59faa45d-868b-4bc7-934c-0e077642e129,Control,50
5a077de0-1893-40d0-a499-ee2e6e2258f1,Aggro,26
5a077de0-1893-40d0-a499-ee2e6e2258f1,Combo,18
5a077de0-1893-40d0-a499-ee2e6e2258f1,Control,18
5a10b543-d5d4-42a8-9ee8-dada59a2ad7e,Combo,55
5a10b543-d5d4-42a8-9ee8-dada59a2ad7e,Control,25
5ab21006-7f61-49e0-8b6a-0397c5d4c3bd,Aggro-Combo,16
5ab21006-7f61-49e0-8b6a-0397c5d4c3bd,Combo,92
5ab21006-7f61-49e0-8b6a-0397c5d4c3bd,Combo-Control,29
5ad36fb2-c44e-4085-ba0d-54277841ad3a,Combo-Control,20
5ad36fb2-c44e-4085-ba0d-54277841ad3a,Control,67
5ad67b3c-cd5a-497b-8639-9b844e8d517a,Combo,52
5ad67b3c-cd5a-497b-8639-9b844e8d517a,Control,28
5ad67b3c-cd5a-497b-8639-9b844e8d517a,Control-Aggro (Midrange),28
5b8ba842-c662-4686-bca3-93ddb7fa11a6,Aggro,76
5b8ba842-c662-4686-bca3-93ddb7fa11a6,Control,56
5bb3cb5c-8d66-4f5e-a9a9-917e6045f024,Aggro,21
5bb3cb5c-8d66-4f5e-a9a9-917e6045f024,Control,73
5c70da33-ce5d-4b8b-9c1d-9a356a7e196f,Combo,48
5cb76266-ae50-4bbc-8f96-d98f309b02d3,Combo-Control,18
5cb76266-ae50-4bbc-8f96-d98f309b02d3,Control,85
5d10b752-d9cb-419d-a5c4-d4ee1acb655e,Combo,18
5d10b752-d9cb-419d-a5c4-d4ee1acb655e,Control,78
5da578b8-19e6-4068-9336-e7cd33c585f1,Combo,66
5da578b8-19e6-4068-9336-e7cd33c585f1,Control,43
5de097e5-e960-4404-a370-defe93ce892f,Aggro,20
5de097e5-e960-4404-a370-defe93ce892f,Aggro-Combo,20
5de097e5-e960-4404-a370-defe93ce892f,Combo-Control,20
5de097e5-e960-4404-a370-defe93ce892f,Control-Aggro (Midrange),17
5eccf31d-869d-4003-a92b-71b4f4b479ee,Combo,21
5eccf31d-869d-4003-a92b-71b4f4b479ee,Combo-Control,18
5eccf31d-869d-4003-a92b-71b4f4b479ee,Control,65
5f1cdcba-a04a-4a2f-8bc1-0dd7fa03754d,Combo,78
5f608efc-0dbc-4cc3-aadd-ed473bfc29ab,Combo,78
5f6927e1-c580-483a-8e2a-6e2deb74800e,Aggro-Control (Tempo),19
5f6927e1-c580-483a-8e2a-6e2deb74800e,Combo,38
5f6927e1-c580-483a-8e2a-6e2deb74800e,Combo-Control,21
5f6927e1-c580-483a-8e2a-6e2deb74800e,Control,43
5f6927e1-c580-483a-8e2a-6e2deb74800e,Control-Aggro (Midrange),19
605c2218-9d12-4ac3-a721-fca590b89847,Aggro,48
605c2218-9d12-4ac3-a721-fca590b89847,Combo-Control,30
605c2218-9d12-4ac3-a721-fca590b89847,Control,82
60d0e6a6-629a-45a7-bfcb-25ba7156788b,Aggro,20
60d0e6a6-629a-45a7-bfcb-25ba7156788b,Aggro-Combo,47
60d0e6a6-629a-45a7-bfcb-25ba7156788b,Control-Aggro (Midrange),38
612b2e6e-fe8d-49ad-b845-6fa7fa59ffd1,Aggro,22
612b2e6e-fe8d-49ad-b845-6fa7fa59ffd1,Combo,42
612b2e6e-fe8d-49ad-b845-6fa7fa59ffd1,Control,56
6151b583-3aa7-4be8-9d05-d5e53f19c6c9,Aggro-Combo,37
6151b583-3aa7-4be8-9d05-d5e53f19c6c9,Combo,42
6151b583-3aa7-4be8-9d05-d5e53f19c6c9,Combo-Control,21
6151b583-3aa7-4be8-9d05-d5e53f19c6c9,Control,19
6151b583-3aa7-4be8-9d05-d5e53f19c6c9,Control-Aggro (Midrange),38
6171e136-1167-4329-acb2-6853d3a814e5,Combo,30
61a28870-cf78-4323-9d82-cee764067764,Combo,20
61a28870-cf78-4323-9d82-cee764067764,Control-Aggro (Midrange),20
62b3f560-262b-4bc3-9aef-535fd7082c28,Combo,31
62b3f560-262b-4bc3-9aef-535fd7082c28,Combo-Control,19
62b3f560-262b-4bc3-9aef-535fd7082c28,Control-Aggro (Midrange),20
62d37423-3445-412a-9abd-0480da404637,Combo,67
635245e9-c27f-4a51-a6f1-bae62e696542,Aggro,29
63af3c26-5b1f-46f6-9aa2-036c615bf5ea,Combo,65
63c59228-c742-4abd-b4d7-9f7880190e95,Aggro,28
63c59228-c742-4abd-b4d7-9f7880190e95,Aggro-Combo,25
63c59228-c742-4abd-b4d7-9f7880190e95,Combo-Control,22
63c59228-c742-4abd-b4d7-9f7880190e95,Control,38
63c59228-c742-4abd-b4d7-9f7880190e95,Control-Aggro (Midrange),49
641b21e1-9188-4bc3-96e8-cda2acbc5ed5,Combo,96
641b21e1-9188-4bc3-96e8-cda2acbc5ed5,Control,25
64a5d494-efa1-446b-bebe-2ad36e154376,Combo,20
652236c2-84ef-45e4-b5fc-ed6170bc3d6c,Combo-Control,19
652236c2-84ef-45e4-b5fc-ed6170bc3d6c,Control,40
661fc907-7003-45c6-820c-9616e9a71c30,Combo,41
66d80dd1-b944-4cb2-8578-b4dbcabbbc1e,Aggro-Control (Tempo),19
66d80dd1-b944-4cb2-8578-b4dbcabbbc1e,Control-Aggro (Midrange),30
671c008a-8ff8-42d7-9e03-6d8a9ddace67,Combo,49
672b9b16-daef-44e6-9a3a-cfd9f3c78bc7,Combo,59
672b9b16-daef-44e6-9a3a-cfd9f3c78bc7,Control,39
68841ca8-a043-4f30-9a17-e983ed960bc2,Combo,106
68841ca8-a043-4f30-9a17-e983ed960bc2,Control,45
68841ca8-a043-4f30-9a17-e983ed960bc2,Control-Aggro (Midrange),21
68924203-c3d9-41ce-8ca8-c6dd491eb3ca,Aggro-Control (Tempo),28
68924203-c3d9-41ce-8ca8-c6dd491eb3ca,Combo,86
68924203-c3d9-41ce-8ca8-c6dd491eb3ca,Control,38
68c72226-6f52-4322-8b14-18737293dfa0,Aggro,29
68c72226-6f52-4322-8b14-18737293dfa0,Combo,58
68c72226-6f52-4322-8b14-18737293dfa0,Combo-Control,20
68c72226-6f52-4322-8b14-18737293dfa0,Control,29
6920c895-bc98-4871-a53f-219fa27a74e5,Combo,77
6920c895-bc98-4871-a53f-219fa27a74e5,Control,28
69490262-afc2-4692-8fac-b771a972c8f8,Aggro,31
6982a82c-dd32-40d2-8dd2-ec92d0fc6c2d,Aggro,37
6982a82c-dd32-40d2-8dd2-ec92d0fc6c2d,Combo,19
6989018c-37b1-4282-a4af-9cc97f160b4d,Aggro,70
6989018c-37b1-4282-a4af-9cc97f160b4d,Combo,36
6989018c-37b1-4282-a4af-9cc97f160b4d,Combo-Control,18
6989018c-37b1-4282-a4af-9cc97f160b4d,Control,22
69af2825-18c2-4463-b6ba-42eaa070ccc1,Control,20
69af2825-18c2-4463-b6ba-42eaa070ccc1,Control-Aggro (Midrange),50
69c1b656-1d67-499c-bf0f-417682a86c7d,Combo,27
69c68c95-b788-43b1-9f22-1b22c5a00b25,Aggro,19
69c68c95-b788-43b1-9f22-1b22c5a00b25,Combo,40
69c68c95-b788-43b1-9f22-1b22c5a00b25,Combo-Control,29
69c68c95-b788-43b1-9f22-1b22c5a00b25,Control,73
6a058e68-70af-4a64-859c-c881e5578368,Aggro,76
6a058e68-70af-4a64-859c-c881e5578368,Combo,58
6a058e68-70af-4a64-859c-c881e5578368,Control,18
6aa5cc65-f8f1-4f6f-8b4e-2fedccbda684,Aggro-Combo,36
6aa5cc65-f8f1-4f6f-8b4e-2fedccbda684,Control-Aggro (Midrange),18
6ade6918-6d1d-448d-ab56-93996051e9a9,Control,17
6bbf7394-9b17-45f8-a25b-d865e8452b2c,Aggro-Control (Tempo),18
6bbf7394-9b17-45f8-a25b-d865e8452b2c,Combo,18
6bbf7394-9b17-45f8-a25b-d865e8452b2c,Control,47
6bcafc2e-cef6-412d-8c5d-1658c3337292,Aggro,20
6be9b1d5-9ab8-4adb-ba54-2c0117e842fa,Combo,57
6be9b1d5-9ab8-4adb-ba54-2c0117e842fa,Control,17
6cc73d16-5ed7-4104-91f6-0997a2080e2e,Aggro,38
6da09e6a-2965-4855-bd41-41b41ba188fb,Combo,47
6efb6a69-562c-4d95-858d-b067444cfd7e,Combo,52
6efb6a69-562c-4d95-858d-b067444cfd7e,Control,29
6f11029a-b24d-4248-834f-b852b56857f6,Aggro,18
6f11029a-b24d-4248-834f-b852b56857f6,Aggro-Combo,19
6f11029a-b24d-4248-834f-b852b56857f6,Control-Aggro (Midrange),39
6f26faca-f338-4ce5-a218-6a61d40fc50a,Combo,41
6fd672bb-18cf-44e3-8dda-5310b1e0fffe,Aggro,21
6fd672bb-18cf-44e3-8dda-5310b1e0fffe,Combo-Control,31
6fd672bb-18cf-44e3-8dda-5310b1e0fffe,Control,65
70496f16-c4c0-4c03-beef-454eb4824cd1,Control,38
70496f16-c4c0-4c03-beef-454eb4824cd1,Control-Aggro (Midrange),19
7054012b-4f9d-44a0-aaf9-7fd3bddc7b2d,Aggro,74
7054012b-4f9d-44a0-aaf9-7fd3bddc7b2d,Aggro-Control (Tempo),18
70719e7b-6f02-4c1a-9f11-79b2b0d9846a,Aggro,37
70719e7b-6f02-4c1a-9f11-79b2b0d9846a,Aggro-Control (Tempo),27
70e33f45-7d47-423b-a123-8541f1d1afb4,Aggro,19
70e33f45-7d47-423b-a123-8541f1d1afb4,Combo-Control,18
70e33f45-7d47-423b-a123-8541f1d1afb4,Control,79
71384418-173a-4f77-adab-56e52fa23692,Aggro-Combo,36
71384418-173a-4f77-adab-56e52fa23692,Control-Aggro (Midrange),47
729daf0e-b822-41bd-a908-ca8ec34032f0,Aggro-Combo,19
729daf0e-b822-41bd-a908-ca8ec34032f0,Control,37
729daf0e-b822-41bd-a908-ca8ec34032f0,Control-Aggro (Midrange),36
72c6d541-e2cb-4d6e-acac-90a8f53b7006,Aggro,60
72c6d541-e2cb-4d6e-acac-90a8f53b7006,Combo,29
72c6d541-e2cb-4d6e-acac-90a8f53b7006,Combo-Control,22
72c6d541-e2cb-4d6e-acac-90a8f53b7006,Control,18
73a065e3-b530-4e62-ab3c-4f6f908184ec,Aggro,18
73a065e3-b530-4e62-ab3c-4f6f908184ec,Control,17
73cc6df4-3564-4ace-bf8a-eac3e62d725a,Aggro,38
73cc6df4-3564-4ace-bf8a-eac3e62d725a,Control-Aggro (Midrange),61
748e6a61-9c1f-4225-9f04-e54002f63ac3,Combo-Control,21
748e6a61-9c1f-4225-9f04-e54002f63ac3,Control,47
74b4c336-5d4c-4bc5-b82a-35084a6ad808,Combo,39
74d29b3d-f588-431d-bf4e-f7215683ab39,Aggro,29
74d29b3d-f588-431d-bf4e-f7215683ab39,Aggro-Combo,26
74d29b3d-f588-431d-bf4e-f7215683ab39,Combo,20
74d29b3d-f588-431d-bf4e-f7215683ab39,Control,18
74d29b3d-f588-431d-bf4e-f7215683ab39,Control-Aggro (Midrange),18
758f95f8-bcb0-43ae-b474-56ebd855951e,Combo,88
758f95f8-bcb0-43ae-b474-56ebd855951e,Combo-Control,20
75fdce80-e338-4a50-bdc6-786511feaeef,Combo,20
75fdce80-e338-4a50-bdc6-786511feaeef,Control,18
75fdce80-e338-4a50-bdc6-786511feaeef,Control-Aggro (Midrange),21
76c3cad2-1e25-4abe-878d-9194de6fcc27,Aggro,67
76c3cad2-1e25-4abe-878d-9194de6fcc27,Control,22
773199f9-c83b-4a77-8342-9f1552ecf595,Aggro,85
773199f9-c83b-4a77-8342-9f1552ecf595,Control,39
7740ff55-67bb-409e-90f7-2c2c8b8c770a,Combo,82
7832abb5-5107-4603-904e-491b221bd3e3,Aggro,46
7832abb5-5107-4603-904e-491b221bd3e3,Aggro-Control (Tempo),18
7832abb5-5107-4603-904e-491b221bd3e3,Combo,30
7832abb5-5107-4603-904e-491b221bd3e3,Control,18
784287c2-43c5-4210-93ae-cdd33b9acb1b,Control-Aggro (Midrange),19
78cef262-c753-4658-b3ec-fec8db47f944,Aggro,83
78cef262-c753-4658-b3ec-fec8db47f944,Control,56
7a4e1580-dd26-4f4b-ac98-3e6fa7b879d5,Combo,19
7aa37f85-5336-4372-97a2-9c8b00798c7a,Control-Aggro (Midrange),18
7b54447f-1daf-4352-b5c3-3c0ec8b8f4d0,Aggro,29
7b54447f-1daf-4352-b5c3-3c0ec8b8f4d0,Control,25
7c024bae-5631-4e20-ac69-df392ac9e109,Aggro,21
7c024bae-5631-4e20-ac69-df392ac9e109,Combo,78
7c024bae-5631-4e20-ac69-df392ac9e109,Control,45
7c353e83-4b63-4bc6-b029-273d2eca1f75,Combo,20
7c353e83-4b63-4bc6-b029-273d2eca1f75,Control,27
7c59e0cd-10a8-4a32-9c0a-a2c6ef1ed9a6,Control,22
7c884e1e-fecb-4330-b3de-5fc2a60f7173,Aggro,39
7c884e1e-fecb-4330-b3de-5fc2a60f7173,Combo,20
7c884e1e-fecb-4330-b3de-5fc2a60f7173,Control,67
7d48d622-f397-4f31-b1a5-0c23f60aa71c,Aggro,68
7d48d622-f397-4f31-b1a5-0c23f60aa71c,Aggro-Control (Tempo),17
7d48d622-f397-4f31-b1a5-0c23f60aa71c,Control,20
7ea4b5bc-18a4-45db-a56a-ab3f8bd2fb0d,Combo,28
7eb39e97-53c2-4df0-9fb3-a3d6a24ec41f,Aggro-Combo,45
7eb39e97-53c2-4df0-9fb3-a3d6a24ec41f,Control,20
7eb39e97-53c2-4df0-9fb3-a3d6a24ec41f,Control-Aggro (Midrange),31
7f7e780e-fbc5-4dc0-b5c7-efcb8645c7c6,Combo,28
7f7e780e-fbc5-4dc0-b5c7-efcb8645c7c6,Control,41
80c72839-0fa6-4b5f-83b7-6553ebf09bef,Aggro,85
80c72839-0fa6-4b5f-83b7-6553ebf09bef,Combo-Control,32
80fca8c0-ae3e-439e-b202-228b9f360e9a,Aggro,27
80fca8c0-ae3e-439e-b202-228b9f360e9a,Control,43
819a513c-3be6-4bdc-8ba6-1f7326a8f3ea,Aggro,48
819a513c-3be6-4bdc-8ba6-1f7326a8f3ea,Aggro-Control (Tempo),21
819a513c-3be6-4bdc-8ba6-1f7326a8f3ea,Combo,30
819a513c-3be6-4bdc-8ba6-1f7326a8f3ea,Control-Aggro (Midrange),20
825969b9-3c70-4fca-8cab-696e9ca7cdb2,Aggro,37
825969b9-3c70-4fca-8cab-696e9ca7cdb2,Control,50
85a89077-b384-4fca-9d26-7297962c1541,Combo,65
85a89077-b384-4fca-9d26-7297962c1541,Control,26
866b7fd4-86e3-4b42-b1ea-33bad0db1f9f,Combo,64
866b7fd4-86e3-4b42-b1ea-33bad0db1f9f,Control,20
8683a978-1bef-4b01-9361-56b1fc157d26,Aggro-Combo,37
8683a978-1bef-4b01-9361-56b1fc157d26,Combo,21
8683a978-1bef-4b01-9361-56b1fc157d26,Combo-Control,20
8683a978-1bef-4b01-9361-56b1fc157d26,Control-Aggro (Midrange),28
86ecaedc-08f1-4de7-aae8-056df57940e0,Aggro,34
87cc2855-6b14-44dd-a398-7dc2bbae081f,Aggro,26
87cc2855-6b14-44dd-a398-7dc2bbae081f,Control,16
87d5e94b-0b35-4efd-9158-1767dcaea38c,Combo,20
87d5e94b-0b35-4efd-9158-1767dcaea38c,Control-Aggro (Midrange),29
8870ef0b-cb1f-463b-8509-fece4743d3d4,Aggro,20
8870ef0b-cb1f-463b-8509-fece4743d3d4,Aggro-Combo,27
8870ef0b-cb1f-463b-8509-fece4743d3d4,Combo,31
8870ef0b-cb1f-463b-8509-fece4743d3d4,Control-Aggro (Midrange),20
89175ce1-0746-4ba1-970e-617d134b0527,Aggro,39
89175ce1-0746-4ba1-970e-617d134b0527,Aggro-Control (Tempo),17
89345f55-2b32-4356-945a-d56dded39909,Control,18
89af0f45-c11c-4f13-9950-b1489440ee5b,Aggro,89
89af0f45-c11c-4f13-9950-b1489440ee5b,Combo,29
89af0f45-c11c-4f13-9950-b1489440ee5b,Control,29
89f5cc05-5d9d-4709-b3c5-a6249c294acc,Aggro,52
89f5cc05-5d9d-4709-b3c5-a6249c294acc,Aggro-Combo,19
89f5cc05-5d9d-4709-b3c5-a6249c294acc,Control-Aggro (Midrange),67
8a720448-017f-4f4a-9501-678245eaed17,Aggro,19
8a720448-017f-4f4a-9501-678245eaed17,Combo,44
8a720448-017f-4f4a-9501-678245eaed17,Control,46
8c2996d9-3287-4480-8c04-7a378e37e3cf,Aggro-Combo,19
8c2996d9-3287-4480-8c04-7a378e37e3cf,Combo,48
8c2996d9-3287-4480-8c04-7a378e37e3cf,Control,73
8c39f9b4-02b9-4d44-b8d6-4fd02ebbb0c5,Combo,64
8c39f9b4-02b9-4d44-b8d6-4fd02ebbb0c5,Combo-Control,18
8ca3c48b-f104-4292-9a4e-2ce87a65893c,Aggro,54
8db735ea-f9cf-4e3c-9200-4f180df55baa,Aggro-Control (Tempo),17
8db735ea-f9cf-4e3c-9200-4f180df55baa,Combo,19
8db735ea-f9cf-4e3c-9200-4f180df55baa,Control,51
8e42df9e-95f2-4c79-9274-2d16e3cd91f1,Aggro,75
8e42df9e-95f2-4c79-9274-2d16e3cd91f1,Control,31
8ff57c8b-173e-4a72-a0a0-1ad2d5cc6e5e,Control,29
900c9dfd-ece1-4b09-a801-0fa05e1994b9,Control,26
90107d10-e2aa-4cb7-a000-039f0c581b47,Combo,39
90107d10-e2aa-4cb7-a000-039f0c581b47,Control,19
906b6e99-128f-4c11-8daf-16099d35b0d4,Control,19
907b3d1d-8c85-4707-80b5-c4d832df9846,Aggro-Control (Tempo),27
907b3d1d-8c85-4707-80b5-c4d832df9846,Control,25
924a24e7-91b8-4ceb-a136-7a765d98c994,Combo,28
926916ed-2f22-4ba9-9427-194886ad6c1e,Combo,30
926916ed-2f22-4ba9-9427-194886ad6c1e,Combo-Control,20
928036c9-11b8-493e-b9f2-8fbd3487cd19,Aggro,76
928036c9-11b8-493e-b9f2-8fbd3487cd19,Combo,20
928036c9-11b8-493e-b9f2-8fbd3487cd19,Control,28
93f99e67-901f-4c8d-8a09-e443b7eb928f,Aggro,76
93f99e67-901f-4c8d-8a09-e443b7eb928f,Control,19
93f99e67-901f-4c8d-8a09-e443b7eb928f,Control-Aggro (Midrange),27
9417f14c-a853-42c6-a992-29139484260a,Aggro,38
9417f14c-a853-42c6-a992-29139484260a,Combo,21
9417f14c-a853-42c6-a992-29139484260a,Control,39
9417f14c-a853-42c6-a992-29139484260a,Control-Aggro (Midrange),20
94b67489-5eb0-4406-9bf3-27e50dc632eb,Control-Aggro (Midrange),46
94c6fdd8-21e7-48ae-aa05-a3666b928c1a,Combo,68
94c6fdd8-21e7-48ae-aa05-a3666b928c1a,Combo-Control,28
94c6fdd8-21e7-48ae-aa05-a3666b928c1a,Control,37
9503a1e6-f0bf-44d0-a28b-56fbfcff1ff2,Control,17
952ba126-0915-47f0-9b6a-a0a6dcd22c6f,Control,18
95c14c4d-6c16-4826-8d93-d89ad04aee09,Aggro-Combo,17
95c14c4d-6c16-4826-8d93-d89ad04aee09,Combo,105
96b6b2e1-c3e6-464c-8a13-b15deb34e862,Combo,48
96c5607b-55fe-43c2-93fe-0084d84499d9,Aggro-Combo,37
9721f8da-39ed-4ada-a571-61e08a86032b,Aggro,105
9721f8da-39ed-4ada-a571-61e08a86032b,Control,30
97b9bab9-12ee-4da5-9d53-d0b82d9279cd,Aggro,18
97b9bab9-12ee-4da5-9d53-d0b82d9279cd,Control,67
97d08a15-e61c-4421-a541-c68a4f87cb74,Combo,46
97d08a15-e61c-4421-a541-c68a4f87cb74,Control,26
9814d8e8-c462-41ca-9909-1c659f488543,Aggro,48
9814d8e8-c462-41ca-9909-1c659f488543,Aggro-Combo,17
9814d8e8-c462-41ca-9909-1c659f488543,Combo,64
985453e7-997e-4d77-a338-cc0290791ebe,Aggro-Combo,36
985bdb0c-ce6c-4506-8163-76f3b2fdf5fb,Combo,35
985bdb0c-ce6c-4506-8163-76f3b2fdf5fb,Control,105
985bdb0c-ce6c-4506-8163-76f3b2fdf5fb,Control-Aggro (Midrange),19
98e7bf8f-dba7-4005-8cee-634c9153931d,Combo,38
98e7bf8f-dba7-4005-8cee-634c9153931d,Control,45
991037a2-fea2-49f5-8ace-ebbf9f678cff,Combo,19
995486ce-58bb-4753-a812-0ca73ef1a235,Combo,57
995486ce-58bb-4753-a812-0ca73ef1a235,Control,64
99ff731b-8399-40c8-b539-ba6ba5783771,Aggro,40
99ff731b-8399-40c8-b539-ba6ba5783771,Combo-Control,18
99ff731b-8399-40c8-b539-ba6ba5783771,Control,28
9a71531f-d4b6-4cc7-8193-b2f5bce33b21,Aggro,27
9a71531f-d4b6-4cc7-8193-b2f5bce33b21,Aggro-Control (Tempo),19
9a71531f-d4b6-4cc7-8193-b2f5bce33b21,Combo,20
9a71531f-d4b6-4cc7-8193-b2f5bce33b21,Control,19
9a9a1df5-a4e8-49a4-aebe-ca93894ccfcf,Combo,39
9b76bcd4-580a-4435-afe9-290940b1837f,Control,18
9cbb7b4e-bd32-44a0-9396-16738c5e4381,Control,17
9d3a7998-ccac-45ad-a4e9-3a2cb057f63b,Aggro,93
9d3a7998-ccac-45ad-a4e9-3a2cb057f63b,Control,47
9d48aaff-46ab-411b-9456-171d4709f951,Aggro,65
9d48aaff-46ab-411b-9456-171d4709f951,Combo,30
9d48aaff-46ab-411b-9456-171d4709f951,Control-Aggro (Midrange),30
9e7fb3c0-5159-4d1f-8490-ce4c9a60f567,Combo,56
9e7fb3c0-5159-4d1f-8490-ce4c9a60f567,Control,45
9efbfd67-e0f5-43e0-9fff-1eb4a2bed0d8,Aggro,21
a0b6a71e-56cb-4d25-8f2b-7a4f1b60900d,Control-Aggro (Midrange),18
a1176dcf-40ee-4342-aa74-791b8352e99a,Aggro,32
a1176dcf-40ee-4342-aa74-791b8352e99a,Combo,26
a15570c0-4210-4959-8584-987ec85f8283,Control-Aggro (Midrange),22
a178cfe8-f9fa-4255-88d0-54a0bed079f5,Control-Aggro (Midrange),21
a1febcf1-afa4-4406-9ac1-5bf98b2765d2,Combo,64
a1febcf1-afa4-4406-9ac1-5bf98b2765d2,Control,63
a211d505-4d40-4914-a9da-220770d6ddbc,Control,18
a249b1f4-2b22-4b67-a207-e0c4ae95d2e1,Combo,29
a249b1f4-2b22-4b67-a207-e0c4ae95d2e1,Control,36
a249b1f4-2b22-4b67-a207-e0c4ae95d2e1,Control-Aggro (Midrange),28
a24e8dba-5c86-4e32-8a52-61402f7fe9f0,Aggro,40
a24e8dba-5c86-4e32-8a52-61402f7fe9f0,Control,44
a2c56479-4bee-4edb-80d7-4af010b7c793,Combo,39
a2c56479-4bee-4edb-80d7-4af010b7c793,Control,78
a3012af9-621d-4fae-b00d-079a89ae35fe,Combo,31
a3b1b58d-b7f1-404f-aec6-b19cef4bebbd,Aggro-Control (Tempo),17
a3b1b58d-b7f1-404f-aec6-b19cef4bebbd,Control,21
a3bb2881-e8fb-4fba-a9f9-d93e6ca24378,Aggro,116
a3bb2881-e8fb-4fba-a9f9-d93e6ca24378,Control-Aggro (Midrange),19
a50d79fe-6d37-42f3-b7b0-0c3018282fa2,Aggro-Combo,60
a55c4d47-5252-40af-961d-c08bc688028a,Combo,30
a6539e26-b63b-4725-9407-caaf451de084,Combo,118
a6539e26-b63b-4725-9407-caaf451de084,Combo-Control,19
a6539e26-b63b-4725-9407-caaf451de084,Control,17
a7a8b6b8-b95f-4014-b17a-a6d44d965995,Aggro,37
a7a8b6b8-b95f-4014-b17a-a6d44d965995,Combo,46
a7a8b6b8-b95f-4014-b17a-a6d44d965995,Control,35
a8069994-b103-40dc-9e14-062004914ec8,Aggro,73
a8069994-b103-40dc-9e14-062004914ec8,Combo-Control,18
a8069994-b103-40dc-9e14-062004914ec8,Control,35
a9225cc3-90f0-448f-a8d9-7c6c2796d077,Aggro,32
a9225cc3-90f0-448f-a8d9-7c6c2796d077,Aggro-Control (Tempo),18
a9225cc3-90f0-448f-a8d9-7c6c2796d077,Combo,41
a9738cda-adb1-47fb-9f4c-ecd930228c4d,Aggro,83
a9738cda-adb1-47fb-9f4c-ecd930228c4d,Aggro-Control (Tempo),30
a9738cda-adb1-47fb-9f4c-ecd930228c4d,Combo,20
aaae15dd-11b6-4421-99e9-365c7fe4a5d6,Aggro,81
aac0c8df-f01d-4178-8d66-ee603f814d24,Combo,56
aac0c8df-f01d-4178-8d66-ee603f814d24,Control,19
ab1d1461-1625-4163-aacd-a939f4871fad,Aggro,27
ab1d1461-1625-4163-aacd-a939f4871fad,Control,54
ab1d1461-1625-4163-aacd-a939f4871fad,Control-Aggro (Midrange),29
ab9f6a1b-8467-4584-affd-8c71d3e34d2f,Combo,38
ab9f6a1b-8467-4584-affd-8c71d3e34d2f,Control,18
abcd0e32-2e6b-419b-9e8a-af38f2b48a66,Control,27
aced2c55-7543-4076-bcdd-36c4d649b8ae,Aggro,61
aced2c55-7543-4076-bcdd-36c4d649b8ae,Combo,30
aced2c55-7543-4076-bcdd-36c4d649b8ae,Combo-Control,20
aced2c55-7543-4076-bcdd-36c4d649b8ae,Control,24
aced2c55-7543-4076-bcdd-36c4d649b8ae,Control-Aggro (Midrange),18
af09af65-0a3b-42df-b0fd-372e2158beac,Combo,29
af09af65-0a3b-42df-b0fd-372e2158beac,Control,16
af7091c9-5f98-4078-a42b-c9e057346d9b,Combo,29
af7091c9-5f98-4078-a42b-c9e057346d9b,Combo-Control,19
af7091c9-5f98-4078-a42b-c9e057346d9b,Control,64
b045c28a-39f9-4cd9-8f3a-a626b697f409,Aggro,58
b045c28a-39f9-4cd9-8f3a-a626b697f409,Combo,49
b0c5728e-43e7-417a-ba18-5038345cec67,Combo,18
b0c5728e-43e7-417a-ba18-5038345cec67,Control,20
b0f61742-522c-4b36-97db-41d0c412a072,Aggro-Combo,20
b256ddc8-8b12-434c-a610-1a872e948f2f,Aggro,46
b256ddc8-8b12-434c-a610-1a872e948f2f,Control,64
b277752b-430a-4f09-8a98-b72f813dd52e,Combo,39
b34bf7fd-9fe3-43e2-8cfe-7ce7cff08afe,Combo,19
b34bf7fd-9fe3-43e2-8cfe-7ce7cff08afe,Combo-Control,20
b34bf7fd-9fe3-43e2-8cfe-7ce7cff08afe,Control,48
b34bf7fd-9fe3-43e2-8cfe-7ce7cff08afe,Control-Aggro (Midrange),18
b3c1e5e3-4e6b-456a-958c-7a75c38f8183,Aggro,18
b3da28c7-6e92-439d-a163-91682d4f11dc,Control,21
b3dd3c7d-4685-4579-b483-14ddaaaddf5b,Aggro,41
b3dd3c7d-4685-4579-b483-14ddaaaddf5b,Control-Aggro (Midrange),29
b50e1800-a45c-43bd-8886-8a06145d9346,Combo,74
b51666ae-2aef-4cb1-9cd4-44aec81530f8,Combo,27
b598c93e-dae1-4d71-a9e4-917abf76d2d0,Aggro,18
b598c93e-dae1-4d71-a9e4-917abf76d2d0,Combo,39
b598c93e-dae1-4d71-a9e4-917abf76d2d0,Control,20
b5aaaee0-9a61-45df-821e-cce516f8de6a,Aggro-Combo,27
b5aaaee0-9a61-45df-821e-cce516f8de6a,Control-Aggro (Midrange),21
b689a206-aec3-4a31-95cf-3d4b840db04c,Aggro,44
b689a206-aec3-4a31-95cf-3d4b840db04c,Control,19
b689a206-aec3-4a31-95cf-3d4b840db04c,Control-Aggro (Midrange),25
b6cb2549-e485-44d6-9d65-7605c568909e,Aggro,28
b6cb2549-e485-44d6-9d65-7605c568909e,Control,45
b768efa2-e56b-4a7e-ace8-d673f10e0714,Combo-Control,20
b768efa2-e56b-4a7e-ace8-d673f10e0714,Control,31
b7f16fdf-a3f5-462d-a64a-789d893b6ef5,Aggro,27
b7f16fdf-a3f5-462d-a64a-789d893b6ef5,Control,27
b83cfbaa-7890-4f6f-878b-4edb45677371,Aggro,69
b83cfbaa-7890-4f6f-878b-4edb45677371,Combo-Control,20
b83cfbaa-7890-4f6f-878b-4edb45677371,Control,46
b841bfa8-7c17-4df2-8466-780ab9a4a53a,Aggro,29
b841bfa8-7c17-4df2-8466-780ab9a4a53a,Aggro-Combo,20
b841bfa8-7c17-4df2-8466-780ab9a4a53a,Combo,44
b841bfa8-7c17-4df2-8466-780ab9a4a53a,Control,20
b8aa7126-5df3-42dd-b4a3-0d0ea59eeebd,Aggro,20
b8aa7126-5df3-42dd-b4a3-0d0ea59eeebd,Control,27
b90331d4-74f0-43bf-8ed2-f8616d782859,Combo,47
b90331d4-74f0-43bf-8ed2-f8616d782859,Control,18
bb41ff5c-9617-4033-a4fa-99323640b9c3,Combo,96
bb41ff5c-9617-4033-a4fa-99323640b9c3,Combo-Control,20
bb41ff5c-9617-4033-a4fa-99323640b9c3,Control,28
bb9ad57f-cca2-4717-a951-cbe3c7782efe,Aggro,67
bb9ad57f-cca2-4717-a951-cbe3c7782efe,Control,30
bbec97ff-bb84-4496-9e09-d4fc1570c516,Aggro,48
bbec97ff-bb84-4496-9e09-d4fc1570c516,Combo-Control,21
bbec97ff-bb84-4496-9e09-d4fc1570c516,Control,20
bbec97ff-bb84-4496-9e09-d4fc1570c516,Control-Aggro (Midrange),40
bce84a87-093a-42de-9696-8c3250e0f33b,Aggro,36
bd3d4b4b-cf31-4f89-8140-9650edb03c7b,Aggro,47
bd3d4b4b-cf31-4f89-8140-9650edb03c7b,Combo,19
bd3d4b4b-cf31-4f89-8140-9650edb03c7b,Control,17
bd8fa327-dd41-4737-8f19-2cf5eb1f7cdd,Aggro,25
bd8fa327-dd41-4737-8f19-2cf5eb1f7cdd,Combo,58
bd8fa327-dd41-4737-8f19-2cf5eb1f7cdd,Combo-Control,20
bd8fa327-dd41-4737-8f19-2cf5eb1f7cdd,Control,52
bdb41396-5008-4a5f-92ca-54ecac42e926,Aggro-Control (Tempo),17
be77b98a-dd79-477c-8ab2-7ebf5637a89e,Aggro,72
be77b98a-dd79-477c-8ab2-7ebf5637a89e,Aggro-Control (Tempo),20
be77b98a-dd79-477c-8ab2-7ebf5637a89e,Combo,29
bf220c06-3cce-4bdd-aa58-83940c223e9c,Aggro,27
bf4b9a8a-b42a-46fb-b0d0-9cf800f63c8a,Combo,46
bf4b9a8a-b42a-46fb-b0d0-9cf800f63c8a,Control,17
bfa4e927-1d6f-4a64-9801-7d168a5ef3f6,Control,16
c17816e8-28b1-4295-a637-efb0e5c18873,Combo-Control,21
c17816e8-28b1-4295-a637-efb0e5c18873,Control,25
c17816e8-28b1-4295-a637-efb0e5c18873,Control-Aggro (Midrange),57
c1e0f201-42cb-46a1-901a-65bb4fc18f6c,Combo,29
c1e0f201-42cb-46a1-901a-65bb4fc18f6c,Combo-Control,20
c1e0f201-42cb-46a1-901a-65bb4fc18f6c,Control,50
c2089ec9-0665-448f-bfe9-d181de127814,Aggro-Control (Tempo),55
c2089ec9-0665-448f-bfe9-d181de127814,Combo,34
c2089ec9-0665-448f-bfe9-d181de127814,Control,54
c3896705-bbd2-4ffb-a590-ee78e0eabdc5,Aggro,17
c3896705-bbd2-4ffb-a590-ee78e0eabdc5,Combo,65
c4fffacd-81c7-44b8-9b59-2c7210022c14,Combo-Control,31
c4fffacd-81c7-44b8-9b59-2c7210022c14,Control-Aggro (Midrange),18
c78da035-6b5b-4136-9ab6-f622b64fdc54,Aggro,17
c78da035-6b5b-4136-9ab6-f622b64fdc54,Combo,57
c78da035-6b5b-4136-9ab6-f622b64fdc54,Control,26
c78da035-6b5b-4136-9ab6-f622b64fdc54,Control-Aggro (Midrange),28
c7bbb911-9de2-455d-9677-e1004db65dbd,Aggro,107
c7bbb911-9de2-455d-9677-e1004db65dbd,Aggro-Combo,17
c7bbb911-9de2-455d-9677-e1004db65dbd,Combo,20
c8090bcf-e17a-4110-a518-77ccd045b18f,Aggro,57
c8090bcf-e17a-4110-a518-77ccd045b18f,Combo,36
c8090bcf-e17a-4110-a518-77ccd045b18f,Control,18
c86b8a75-9e31-4a44-95b8-c83b9a49646f,Aggro,85
c86b8a75-9e31-4a44-95b8-c83b9a49646f,Control,61
ca4c8b04-66af-4cb3-8003-9088d8344b20,Control,20
cb94a02f-4660-45b6-8a39-941b710cf8f3,Aggro,17
cb94a02f-4660-45b6-8a39-941b710cf8f3,Combo,54
cb94a02f-4660-45b6-8a39-941b710cf8f3,Combo-Control,20
cb94a02f-4660-45b6-8a39-941b710cf8f3,Control,38
cbac1d27-15e2-4e2f-82ab-625a16e096cb,Control,18
cc520518-2063-4b57-a0d4-10cf62a7175e,Combo,77
cc520518-2063-4b57-a0d4-10cf62a7175e,Control,36
cc520518-2063-4b57-a0d4-10cf62a7175e,Control-Aggro (Midrange),17
cd062615-648f-4cc7-9373-520f3f6a90e3,Combo,16
cdfadb17-76ad-4d4d-9fa7-33c4b88b4c0a,Aggro,19
ce35e6fb-ff54-44c4-a216-7ddd37f46882,Aggro,37
ce54c7c1-3401-4414-8da0-5846cb0ae1b4,Aggro-Combo,20
ce648aa3-098b-4af0-a433-fd290bc85904,Combo-Control,30
ce648aa3-098b-4af0-a433-fd290bc85904,Control,17
cea3b218-0e6e-443a-84f7-380f1021e8e1,Aggro,20
cea3b218-0e6e-443a-84f7-380f1021e8e1,Combo,83
cea3b218-0e6e-443a-84f7-380f1021e8e1,Control,55
cf3eb762-6c3f-4b11-a4f9-968f79370217,Aggro-Control (Tempo),28
cf3eb762-6c3f-4b11-a4f9-968f79370217,Combo,50
cf3eb762-6c3f-4b11-a4f9-968f79370217,Control,34
d0e3e7b3-7ba9-47a2-b46c-a40bffb445e2,Combo,20
d0e3e7b3-7ba9-47a2-b46c-a40bffb445e2,Control,18
d13a898e-6a97-4fd9-980e-3bfd8d755386,Aggro,28
d2124603-d20e-40eb-97f0-a66323397ac2,Combo,30
d2507bc2-da17-4e46-b4c5-ba0080ce2c6f,Aggro,48
d2507bc2-da17-4e46-b4c5-ba0080ce2c6f,Control,19
d2e27911-87cb-49a0-a34f-6afe4bddd592,Aggro,18
d2e27911-87cb-49a0-a34f-6afe4bddd592,Combo,57
d2e27911-87cb-49a0-a34f-6afe4bddd592,Control,56
d40b65c1-b24d-492d-81b9-d8474ebdc08c,Aggro,30
d40b65c1-b24d-492d-81b9-d8474ebdc08c,Aggro-Combo,18
d40b65c1-b24d-492d-81b9-d8474ebdc08c,Control,46
d40b65c1-b24d-492d-81b9-d8474ebdc08c,Control-Aggro (Midrange),38
d51269cf-a333-4a64-94cd-245798d840d2,Aggro,29
d51269cf-a333-4a64-94cd-245798d840d2,Aggro-Combo,18
d51269cf-a333-4a64-94cd-245798d840d2,Combo-Control,20
d51269cf-a333-4a64-94cd-245798d840d2,Control-Aggro (Midrange),41
d5806e68-1054-458e-866d-1f2470f682b2,Aggro,31
d5806e68-1054-458e-866d-1f2470f682b2,Combo,44
d5806e68-1054-458e-866d-1f2470f682b2,Control,35
d5806e68-1054-458e-866d-1f2470f682b2,Control-Aggro (Midrange),21
d5c782cc-c951-4c6f-a93f-774ae6c1c214,Combo,56
d67be074-cdd4-41d9-ac89-0a0456c4e4b2,Combo,65
d67be074-cdd4-41d9-ac89-0a0456c4e4b2,Combo-Control,27
d67be074-cdd4-41d9-ac89-0a0456c4e4b2,Control,37
d6ec3293-b09e-4931-ac4e-dc5eac0ca004,Aggro,25
d6ec3293-b09e-4931-ac4e-dc5eac0ca004,Combo,58
d6ec3293-b09e-4931-ac4e-dc5eac0ca004,Combo-Control,39
d6ec3293-b09e-4931-ac4e-dc5eac0ca004,Control,34
d7a8cc1d-aabb-4eb6-b0f1-6c93ec246f61,Aggro-Combo,27
d7a8cc1d-aabb-4eb6-b0f1-6c93ec246f61,Combo-Control,21
d7a8cc1d-aabb-4eb6-b0f1-6c93ec246f61,Control-Aggro (Midrange),27
da13a060-36ee-41e9-bab1-af8ddcc893b8,Aggro-Control (Tempo),17
db2a5e85-6cbc-43c1-9362-4056ad017ef0,Aggro-Control (Tempo),17
dcb94950-3f3e-4876-84f8-d5e4d9cfecee,Aggro,45
dcb94950-3f3e-4876-84f8-d5e4d9cfecee,Control,53
dd16222e-349c-4a2b-a7c8-8eb35a8ab332,Aggro,37
dd16222e-349c-4a2b-a7c8-8eb35a8ab332,Control,26
de0e01e4-e143-47fd-8565-7b48219bb546,Aggro,21
de0e01e4-e143-47fd-8565-7b48219bb546,Aggro-Combo,43
de0e01e4-e143-47fd-8565-7b48219bb546,Control-Aggro (Midrange),30
df3784d4-80cd-4f78-afb3-d61f3bab5b2c,Aggro,100
df3784d4-80cd-4f78-afb3-d61f3bab5b2c,Aggro-Combo,17
df3784d4-80cd-4f78-afb3-d61f3bab5b2c,Combo-Control,21
df9d9075-2d1e-4848-b661-816d539e05eb,Combo,39
df9d9075-2d1e-4848-b661-816d539e05eb,Combo-Control,31
df9d9075-2d1e-4848-b661-816d539e05eb,Control,74
e16ab44e-4257-4c0c-b705-8ac1e9c1d835,Aggro,25
e2312c49-1627-47ad-8113-78a999a97d8d,Combo,26
e2312c49-1627-47ad-8113-78a999a97d8d,Control,27
e419cd0b-2449-4cc5-9ead-b9e45e271700,Aggro,37
e41cf82d-3213-47ce-a015-6e51a8b07e4f,Aggro,42
e41cf82d-3213-47ce-a015-6e51a8b07e4f,Aggro-Combo,57
e41cf82d-3213-47ce-a015-6e51a8b07e4f,Control-Aggro (Midrange),36
e4775a26-0b66-40e9-8f64-41d9308ca032,Aggro,28
e4775a26-0b66-40e9-8f64-41d9308ca032,Control-Aggro (Midrange),18
e4e6794a-feeb-4fc8-a2ee-38c75c18aaae,Aggro,20
e4e6794a-feeb-4fc8-a2ee-38c75c18aaae,Combo,35
e4e6794a-feeb-4fc8-a2ee-38c75c18aaae,Control,59
e5145f31-a4ac-44ef-8f85-e4d95f2c9ff5,Combo,48
e5145f31-a4ac-44ef-8f85-e4d95f2c9ff5,Combo-Control,51
e5145f31-a4ac-44ef-8f85-e4d95f2c9ff5,Control,44
e5145f31-a4ac-44ef-8f85-e4d95f2c9ff5,Control-Aggro (Midrange),29
e58e681e-a069-4414-aafe-634c7987fd0d,Aggro,56
e58e681e-a069-4414-aafe-634c7987fd0d,Aggro-Control (Tempo),18
e58e681e-a069-4414-aafe-634c7987fd0d,Combo,19
e58e681e-a069-4414-aafe-634c7987fd0d,Combo-Control,20
e58e681e-a069-4414-aafe-634c7987fd0d,Control,38
e6befbc4-1320-4f26-bd9f-b1814fedda10,Aggro,39
e6befbc4-1320-4f26-bd9f-b1814fedda10,Combo,68
e6befbc4-1320-4f26-bd9f-b1814fedda10,Control,17
e6d7fba8-a157-4d81-9d6b-bd210a96b248,Aggro,18
e6d7fba8-a157-4d81-9d6b-bd210a96b248,Combo,20
e6d7fba8-a157-4d81-9d6b-bd210a96b248,Control-Aggro (Midrange),20
e7b3ddca-69ef-4743-897b-57c58077db24,Aggro-Control (Tempo),30
e7b3ddca-69ef-4743-897b-57c58077db24,Combo,30
e7b3ddca-69ef-4743-897b-57c58077db24,Control,29
e7c53ba4-9956-4cd6-85ca-2d6b61a5127c,Combo,27
e9a268ba-c442-4fe4-90b4-2810c8474f4e,Control,21
e9be371c-c688-44ad-ab71-bd4c9f242d58,Aggro-Control (Tempo),19
e9be371c-c688-44ad-ab71-bd4c9f242d58,Combo,55
e9be371c-c688-44ad-ab71-bd4c9f242d58,Control,36
ea1feac0-d3a7-45eb-9719-1cdaf51ea0b6,Aggro,19
ea1feac0-d3a7-45eb-9719-1cdaf51ea0b6,Combo,78
ea1feac0-d3a7-45eb-9719-1cdaf51ea0b6,Control,36
ea7e7daf-7c06-4c74-8bcf-e42c1f611861,Aggro,19
ea7e7daf-7c06-4c74-8bcf-e42c1f611861,Control-Aggro (Midrange),17
ebc01ab4-d89a-4d25-bf54-6aed33772f4b,Aggro-Control (Tempo),39
ebc01ab4-d89a-4d25-bf54-6aed33772f4b,Combo,65
ebc01ab4-d89a-4d25-bf54-6aed33772f4b,Control,29
ebeafbc2-0399-4335-8f63-76a3e085e8c6,Combo,30
ebeafbc2-0399-4335-8f63-76a3e085e8c6,Control,59
ec3de5f4-bb55-4ab9-995f-f3e0dc22c1bb,Aggro,51
ec3de5f4-bb55-4ab9-995f-f3e0dc22c1bb,Control,18
ec59ed99-ce40-489a-b776-8874bec60393,Combo,38
eca8d6f8-c6f1-437c-99e2-4281eae14a6f,Aggro,26
eca8d6f8-c6f1-437c-99e2-4281eae14a6f,Control,44
ed0216a0-c5c9-4a99-b869-53e4d0256326,Aggro,65
ed0216a0-c5c9-4a99-b869-53e4d0256326,Combo,18
ed0216a0-c5c9-4a99-b869-53e4d0256326,Combo-Control,20
ed0216a0-c5c9-4a99-b869-53e4d0256326,Control,50
ee8e9928-d9b2-4570-adb8-44b34115decd,Aggro,35
ee8e9928-d9b2-4570-adb8-44b34115decd,Aggro-Combo,18
ee8e9928-d9b2-4570-adb8-44b34115decd,Combo,31
ee8e9928-d9b2-4570-adb8-44b34115decd,Control,18
ee8e9928-d9b2-4570-adb8-44b34115decd,Control-Aggro (Midrange),20
eeeffc0b-dc92-458e-ad58-86ff6077a508,Aggro,30
eeeffc0b-dc92-458e-ad58-86ff6077a508,Control-Aggro (Midrange),41
efda91fa-03b2-4fb4-ae07-b45f6c6d3eab,Combo,40
f0192cf7-3391-4720-b9c8-72dec5dde01e,Control,19
f05e9a3e-8a35-4687-85cb-e31b3927a5e2,Combo,79
f05e9a3e-8a35-4687-85cb-e31b3927a5e2,Control,74
f1a21287-e244-4960-84fb-c4f6e5c346d9,Aggro-Control (Tempo),18
f1a21287-e244-4960-84fb-c4f6e5c346d9,Combo,37
f1a21287-e244-4960-84fb-c4f6e5c346d9,Control,19
f1e5cafb-b0e6-4ee5-8c58-6f8e5ef2b9da,Aggro,30
f1e5cafb-b0e6-4ee5-8c58-6f8e5ef2b9da,Combo,49
f20015ad-8fda-498f-ac28-1ffb824ab480,Aggro-Combo,18
f20015ad-8fda-498f-ac28-1ffb824ab480,Control-Aggro (Midrange),28
f231caf8-56c0-4719-a90d-5e5efbee3148,Aggro,104
f252ae53-443c-4a27-b8f0-639a9a2b8598,Combo-Control,31
f33d3948-fe7b-4c3b-ab67-1022623fbb2b,Aggro,26
f33d3948-fe7b-4c3b-ab67-1022623fbb2b,Control,40
f33d3948-fe7b-4c3b-ab67-1022623fbb2b,Control-Aggro (Midrange),18
f3537373-ef54-4578-9d05-6216420ee349,Aggro,56
f3537373-ef54-4578-9d05-6216420ee349,Combo-Control,22
f3537373-ef54-4578-9d05-6216420ee349,Control,51
f3537373-ef54-4578-9d05-6216420ee349,Control-Aggro (Midrange),18
f44e5128-e146-4e46-b313-a40d82719d1d,Control,21
f46a9329-7b91-441d-8653-50c1152c9120,Aggro,47
f5881bbc-8600-464d-9dcd-5a7780918d1d,Aggro,37
f5fb426a-5618-4dd4-9c51-0cc847be8c1d,Control,19
f61693a2-7042-44e0-85ba-9bf12ab94e7e,Aggro,27
f61693a2-7042-44e0-85ba-9bf12ab94e7e,Control,20
f62fd592-4910-417d-a500-e7029f3d119f,Combo,18
f62fd592-4910-417d-a500-e7029f3d119f,Control,36
f632be90-9e7f-41f8-a52e-a2952354d730,Aggro,47
f6ca59cd-8779-4a84-a54b-e863b79c61f0,Combo,28
f6ca59cd-8779-4a84-a54b-e863b79c61f0,Control,17
f6ca59cd-8779-4a84-a54b-e863b79c61f0,Control-Aggro (Midrange),18
f823be95-bef4-4e86-a924-239be62394bf,Combo,56
f83ed433-fae3-4fa5-acad-bb8a5b535ce3,Combo,40
f83ed433-fae3-4fa5-acad-bb8a5b535ce3,Control,21
f9246b68-580f-4f53-883d-7900880e4b0d,Aggro,30
f9246b68-580f-4f53-883d-7900880e4b0d,Aggro-Combo,28
f9246b68-580f-4f53-883d-7900880e4b0d,Control-Aggro (Midrange),19
f9287151-95df-4f5a-b32a-4b0aea825452,Control,19
fa6ac7d2-0127-49a8-b7d2-a38308d3c27b,Combo,18
fa7a55aa-ae61-4933-b7a4-dcc55dac6fcd,Aggro,100
fa7a55aa-ae61-4933-b7a4-dcc55dac6fcd,Combo-Control,18
fa7a55aa-ae61-4933-b7a4-dcc55dac6fcd,Control,19
fa7b7897-36e0-415a-8bb7-602886164852,Combo,82
fa87bf1e-2062-4983-b1c4-98bffea69a4c,Aggro,82
fa87bf1e-2062-4983-b1c4-98bffea69a4c,Combo,20
fa87bf1e-2062-4983-b1c4-98bffea69a4c,Combo-Control,27
fa87bf1e-2062-4983-b1c4-98bffea69a4c,Control,20
fadb218d-29e2-42d1-a7a1-1066741d63ad,Aggro,19
fadb218d-29e2-42d1-a7a1-1066741d63ad,Combo,30
fadb218d-29e2-42d1-a7a1-1066741d63ad,Combo-Control,27
fadb218d-29e2-42d1-a7a1-1066741d63ad,Control,45
fc310a26-b6a0-4e42-98ab-bdfd7b06cb63,Aggro,28
fc310a26-b6a0-4e42-98ab-bdfd7b06cb63,Control,66
fc7d1912-7e27-49ef-bd98-375d975a42b0,Aggro-Control (Tempo),17
fc7d1912-7e27-49ef-bd98-375d975a42b0,Combo,27
fd6ddbca-b943-49d6-b341-509bb72dd5a6,Combo-Control,18
fd97b3cf-924e-4f77-bb82-0bf19592389f,Aggro,50
fd97b3cf-924e-4f77-bb82-0bf19592389f,Aggro-Control (Tempo),19
fd99bce1-ce39-464b-8e61-2631eb3ed6f6,Combo,66
fd99bce1-ce39-464b-8e61-2631eb3ed6f6,Control,36
fe30c0ff-f74b-456a-a61e-3720d84d713f,Aggro,37
fe30c0ff-f74b-456a-a61e-3720d84d713f,Control,89
fe964e7e-e2c5-4263-889d-0a531eb51442,Aggro,90
fe964e7e-e2c5-4263-889d-0a531eb51442,Control,53
febaaeae-5c0d-45fa-8169-b27b4996f18e,Aggro-Control (Tempo),30
febaaeae-5c0d-45fa-8169-b27b4996f18e,Combo,18
febaaeae-5c0d-45fa-8169-b27b4996f18e,Control,28
ff590af2-2d6c-4f16-a9b8-1a6dab6e9ad5,Combo,47
ff590af2-2d6c-4f16-a9b8-1a6dab6e9ad5,Combo-Control,18
ff84ea71-e477-44f7-a3f8-77fef708efeb,Aggro-Control (Tempo),46
ff84ea71-e477-44f7-a3f8-77fef708efeb,Combo,19
ff84ea71-e477-44f7-a3f8-77fef708efeb,Control,46
